N,replica,leg,g,phi,phi_sd,chi,acceptance,phi_err,chi_err,tau_int,lx,ly
160,0,cool,177.8,0.128234375,0.025114731849242886,0.1009199609375,0.8766239583333333,0.00031241621644037857,0.0015236201088790716,0.5155598924410474,16,10
160,0,cool,100,0.13642031250000003,0.025642834828219437,0.105208796484375,0.8540645833333333,0.0003612914381510429,0.002442000249208932,0.4390060302379438,16,10
160,0,cool,79.4,0.14028125,0.026079037768627508,0.10881859375,0.8400973958333333,0.0004595082331875973,0.0031801407764920834,0.491708587238257,16,10
160,0,cool,63.1,0.14577812499999998,0.02635114423956529,0.11110124843750001,0.8232286458333333,0.0004978981656811681,0.002475809117987668,0.5264060886479597,16,10
160,0,cool,39.8,0.16312656250000002,0.02723573303233445,0.11868562460937501,0.7729239583333334,0.0004735462978433806,0.002826603929507085,0.54775138816772,16,10
160,0,cool,31.6,0.176071875,0.02791000307209541,0.12463492343750002,0.7369260416666666,0.00044515816597516853,0.002860650297345557,0.5172431162914605,16,10
160,0,cool,25.1,0.1917828125,0.028618027560697534,0.13103864023437498,0.6911276041666666,0.00046924135917890067,0.0023083110786784027,0.5097656788469793,16,10
160,0,cool,15.85,0.24350468749999998,0.030364780583800433,0.14752318398437497,0.5582770833333334,0.00040463738563981295,0.0037165935742169134,0.5443880596280308,16,10
160,0,cool,10,0.3343984375,0.03092959869903898,0.153062412109375,0.361996875,0.0006154599504638788,0.003208854901887296,0.8915730938527352,16,10
160,0,cool,7.94,0.40238750000000006,0.03247690044477767,0.16875985,0.25016041666666666,0.0010391662283750923,0.005127156253856096,1.7171890440492539,16,10
160,0,cool,6.31,0.48238593750000003,0.030507566260209836,0.14891385585937497,0.14880364583333333,0.0010221059180987556,0.004465596377461837,2.7727904728157466,16,10
160,0,cool,6.03,0.49975,0.029365956054588107,0.1379775,0.131425,0.001416109108807255,0.005506870682775064,3.675239143784082,16,10
160,0,cool,5.89,0.5086140625000001,0.02950581042983049,0.139294855859375,0.12159739583333333,0.0011399575352691006,0.007238192293459716,4.27555340414275,16,10
160,0,cool,5.75,0.519375,0.02942548852610607,0.1385375,0.11351354166666666,0.0015891701297713267,0.007579471573716103,5.042524689514361,16,10
160,0,cool,5.62,0.5274953124999999,0.028056060952178295,0.125942808984375,0.10608229166666666,0.0008749963005725409,0.005112907735565149,3.942721272982124,16,10
160,0,cool,5.01,0.5735281249999999,0.02955928877247176,0.1398002484375,0.07292552083333333,0.0023364030670558686,0.009827945467557199,9.939791138653606,16,10
160,0,cool,3.98,0.6761765625,0.028150552238075076,0.126792574609375,0.027655208333333334,0.0040780232587931415,0.016571289250890287,48.90323175989136,16,10
160,0,cool,2.0,0.9346265625000001,0.00812951782448342,0.010574249609374982,0.0015411458333333334,0.001743443060673476,0.002378135511810339,319.4545229516571,16,10
160,0,cool,0.562,0.9645390625,0.008611200322608528,0.011864443359374914,0.000746875,0.0019361268701669802,0.0014690483564094468,513.8462430526416,16,10
160,0,cool,0.316,0.9749999999999998,2.220446049250313e-16,7.888609052210118e-30,0.0004411458333333333,0.0,0.0,nan,16,10
160,0,cool,0.178,0.9749999999999998,2.220446049250313e-16,7.888609052210118e-30,0.0004578125,0.0,0.0,nan,16,10
160,0,cool,0.1,0.9749999999999998,2.220446049250313e-16,7.888609052210118e-30,0.000465625,0.0,0.0,nan,16,10
160,0,heat,0.1,1.0,0.0,0.0,0.0,0.0,0.0,nan,16,10
160,0,heat,0.178,1.0,0.0,0.0,0.0,0.0,0.0,nan,16,10
160,0,heat,0.316,1.0,0.0,0.0,0.0,0.0,0.0,nan,16,10
160,0,heat,0.562,1.0,0.0,0.0,0.0,0.0,0.0,nan,16,10
160,0,heat,2.0,1.0,0.0,0.0,0.0,0.0,0.0,nan,16,10
160,0,heat,3.98,0.6834640624999999,0.030866558143419452,0.15243910585937498,0.017576041666666667,0.004411284578228566,0.04024953637671711,51.06450338773636,16,10
160,0,heat,5.01,0.57529375,0.027859364308747244,0.12418306874999999,0.07192395833333333,0.0016980505579238879,0.009282929867894725,8.117366426262938,16,10
160,0,heat,5.62,0.52843125,0.028542456725683233,0.13034749375,0.1054921875,0.0013921553490816182,0.003888163248324801,4.460124663175542,16,10
160,0,heat,5.75,0.5178453125,0.030468219506599722,0.148529983984375,0.11367447916666666,0.001347401515504708,0.008994007235961244,4.105076209355749,16,10
160,0,heat,5.89,0.509203125,0.030287517894908043,0.1467733984375,0.12232291666666667,0.0016780650505440538,0.00813395321665796,5.515548155439032,16,10
160,0,heat,6.03,0.4982203125,0.03013586904383784,0.14530729648437501,0.13207291666666668,0.0014012931957373916,0.007419854324541721,3.193999801497125,16,10
160,0,heat,6.31,0.4820234375,0.03061698615652092,0.149983974609375,0.14924791666666667,0.0012560556546810525,0.0058987754000842845,3.1831416061739217,16,10
160,0,heat,7.94,0.4012015625,0.03241803964513576,0.168148687109375,0.250490625,0.0007276616885063549,0.0038727777809254424,1.4396080549251886,16,10
160,0,heat,10,0.334771875,0.031331124544682,0.1570622984375,0.36235989583333333,0.0006205657064765062,0.004575573949916407,0.8698509287833457,16,10
160,0,heat,15.85,0.2434234375,0.030849635290528046,0.15227199960937496,0.5585145833333334,0.0005549515973755606,0.003000342674153618,0.5745304610385885,16,10
160,0,heat,25.1,0.19256874999999998,0.028703276571456087,0.13182049375,0.6908989583333334,0.0006659810806657267,0.0019219914722857126,0.5857312324896796,16,10
160,0,heat,31.6,0.1752765625,0.02768989262905499,0.122676824609375,0.737740625,0.000348570697859487,0.00252871711550753,0.49372164168335053,16,10
160,0,heat,39.8,0.163328125,0.02741103774457244,0.1202183984375,0.7724651041666667,0.0004756707342807335,0.0026348834288234665,0.4960805011784801,16,10
160,0,heat,63.1,0.1460359375,0.02632205656139151,0.11085610585937501,0.8238020833333334,0.00043441853490245626,0.003035865977545444,0.46843582355147306,16,10
160,0,heat,79.4,0.1403703125,0.025881218634897077,0.10717399648437499,0.8404348958333333,0.00043942286006894463,0.0014562584672246116,0.47968887755216144,16,10
160,0,heat,100,0.1360796875,0.025435355743086113,0.10351317148437499,0.8535260416666667,0.000361072486987552,0.0025347589057596715,0.5275014277453244,16,10
160,0,heat,177.8,0.12843125,0.02507769100091753,0.10062249375,0.875875,0.00025147226353252575,0.0020666482090545535,0.4767847477493703,16,10
160,1,cool,177.8,0.12886874999999998,0.024922018220591605,0.09937711875,0.8759442708333334,0.00043481866196043445,0.002119854483752339,0.4953251376498734,16,10
160,1,cool,100,0.13532968750000002,0.02552278963058983,0.104226046484375,0.8540208333333333,0.0004607301535652918,0.0027109730476341408,0.5357459330491091,16,10
160,1,cool,79.4,0.13983125000000002,0.026156359020083435,0.10946481875,0.8403385416666667,0.0003160434413128582,0.0029275075069573778,0.5030722786099454,16,10
160,1,cool,63.1,0.1460296875,0.026727946105665205,0.11430129648437501,0.8231635416666667,0.0005272981054320105,0.003352547255525023,0.510937354489673,16,10
160,1,cool,39.8,0.1627484375,0.02776658424588076,0.12335731210937499,0.7737833333333334,0.0003435460521548344,0.00283108008706496,0.487639881163326,16,10
160,1,cool,31.6,0.1754640625,0.027803886965154595,0.12368898085937498,0.7368177083333334,0.00028810360949611173,0.0033318691067723786,0.4341810581652771,16,10
160,1,cool,25.1,0.19222968750000002,0.02869803689762322,0.13177237148437498,0.6908515625,0.0006113928857790622,0.0026647911539464473,0.5185111720580321,16,10
160,1,cool,15.85,0.24213906250000003,0.03071403825608241,0.150936343359375,0.5580416666666667,0.0006279668859685571,0.0032768436012825,0.6364394463649091,16,10
160,1,cool,10,0.3332203125,0.0313185918709214,0.15693667148437504,0.3627927083333333,0.0007385921056941722,0.0029576336708206563,0.9507394452477714,16,10
160,1,cool,7.94,0.40072343750000006,0.03143591691932325,0.15811469960937496,0.24986354166666666,0.0006724141824528026,0.0047779413150706935,1.3679357633511495,16,10
160,1,cool,6.31,0.4814625,0.03095065629352631,0.1532709,0.14960520833333332,0.0007839881416513889,0.005680844344905111,3.059807951400603,16,10
160,1,cool,6.03,0.49694375,0.03038996480645379,0.14776799375,0.13225052083333333,0.001260265326304562,0.008367324001639132,3.3345214027991252,16,10
160,1,cool,5.89,0.5081765625,0.029752384317203784,0.141632699609375,0.1225421875,0.0016685934715299682,0.005181807519671323,4.238324483664622,16,10
160,1,cool,5.75,0.5203296875,0.028810308645992388,0.13280542148437502,0.11256041666666666,0.0014647467971615187,0.004891401950300372,4.604656611012775,16,10
160,1,cool,5.62,0.527384375,0.03038937272484207,0.1477622359375,0.10638020833333334,0.001566237043716364,0.007166318315041729,5.0679622401286535,16,10
160,1,cool,5.01,0.5741515625,0.027939892191695976,0.12490201210937499,0.07226666666666667,0.0017910407079050567,0.007876461086855593,7.281977188409623,16,10
160,1,cool,3.98,0.67854375,0.027401108411659186,0.12013131874999998,0.02698125,0.0035644229563599975,0.010452738542105055,42.75386905775722,16,10
160,1,cool,2.0,0.9212750000000001,0.00826746257929241,0.01093615000000005,0.0011432291666666667,0.0018196184911433186,0.0023280806076498555,610.0011441654149,16,10
160,1,cool,0.562,0.9312500000000002,2.220446049250313e-16,7.888609052210118e-30,0.000340625,0.0,0.0,nan,16,10
160,1,cool,0.316,0.9312500000000002,2.220446049250313e-16,7.888609052210118e-30,0.0003598958333333333,0.0,0.0,nan,16,10
160,1,cool,0.178,0.9312500000000002,2.220446049250313e-16,7.888609052210118e-30,0.0003348958333333333,0.0,0.0,nan,16,10
160,1,cool,0.1,0.9312500000000002,2.220446049250313e-16,7.888609052210118e-30,0.0003671875,0.0,0.0,nan,16,10
160,1,heat,0.1,1.0,0.0,0.0,0.0,0.0,0.0,nan,16,10
160,1,heat,0.178,1.0,0.0,0.0,0.0,0.0,0.0,nan,16,10
160,1,heat,0.316,1.0,0.0,0.0,0.0,0.0,0.0,nan,16,10
160,1,heat,0.562,1.0,0.0,0.0,0.0,0.0,0.0,nan,16,10
160,1,heat,2.0,1.0,0.0,0.0,0.0,0.0,0.0,nan,16,10
160,1,heat,3.98,0.7415843750000001,0.11347338236722906,2.0601933609374994,0.013463020833333334,0.025799878262732685,0.6479764380323652,327.8767129325895,16,10
160,1,heat,5.01,0.574871875,0.027760189394785747,0.12330049843750002,0.07221875,0.0016304783947846044,0.00796742727703899,6.922491604124737,16,10
160,1,heat,5.62,0.5271968750000001,0.029754495294566415,0.1416527984375,0.1056125,0.0015095464980048386,0.0039027514625713795,4.739861610424716,16,10
160,1,heat,5.75,0.515671875,0.029300399787961513,0.1373621484375,0.11533072916666667,0.0012143750130717643,0.006119074959533441,4.244625888828083,16,10
160,1,heat,5.89,0.509034375,0.029219354773152934,0.1366033109375,0.1218359375,0.0015067902738779278,0.005949779062145551,4.329047504945865,16,10
160,1,heat,6.03,0.4996546875,0.03136646885851743,0.15741685898437502,0.13039479166666668,0.0015335273147352353,0.007949414983480514,3.9401468128485355,16,10
160,1,heat,6.31,0.4818359375,0.028597394533787405,0.13084975585937497,0.14900833333333333,0.0013211110842113825,0.0041722985758517045,2.692931048755179,16,10
160,1,heat,7.94,0.4020640625,0.031266048964829145,0.15641053085937495,0.24948489583333333,0.0009687584171962957,0.0037494876588313616,1.6272907716648337,16,10
160,1,heat,10,0.33490156249999997,0.031886273703328735,0.162677512109375,0.3614046875,0.0006185064200085503,0.003092656678745297,1.035077610539096,16,10
160,1,heat,15.85,0.2432578125,0.030565342683173763,0.149478427734375,0.5581833333333334,0.0005032835887092501,0.0026444527519171993,0.5861611423771408,16,10
160,1,heat,25.1,0.1915640625,0.02846319233450622,0.12962453085937498,0.6918083333333334,0.00033205147819264806,0.002510664916113548,0.5501716766565453,16,10
160,1,heat,31.6,0.1763625,0.02758861857723217,0.1217811,0.7369390625,0.00039259645822863965,0.002033791914287238,0.4922239358906669,16,10
160,1,heat,39.8,0.16278593749999998,0.02703416309267024,0.11693535585937499,0.7739911458333333,0.00047608904156475686,0.0021182696507749317,0.5343524058181481,16,10
160,1,heat,63.1,0.14592499999999997,0.026217163986594735,0.10997435,0.8227916666666667,0.0003903101180872079,0.0021981862700159883,0.4749000620927561,16,10
160,1,heat,79.4,0.1406875,0.025441338776683902,0.103561875,0.8404125,0.00045633354178432054,0.0023883729054043584,0.563151919618631,16,10
160,1,heat,100,0.13562187500000003,0.02530725234956128,0.10247312343750001,0.8536213541666666,0.00030636592338847317,0.001588540948404004,0.565287678174483,16,10
160,1,heat,177.8,0.12844375,0.024927550490120364,0.09942124375,0.8757494791666667,0.00038076918803987684,0.0021614183656043944,0.5138948075657013,16,10
160,2,cool,177.8,0.12839218749999998,0.025040336551049862,0.100322952734375,0.87579375,0.00047597381545421856,0.0021307267407286836,0.4842036171716481,16,10
160,2,cool,100,0.13572812499999998,0.025484468117549067,0.1039132984375,0.8543536458333333,0.00036668318360496443,0.0021944775954080677,0.5624144533402514,16,10
160,2,cool,79.4,0.139909375,0.025587159369679455,0.10475243593750001,0.8404572916666667,0.00030732793831658327,0.002271068582909904,0.4724771250919548,16,10
160,2,cool,63.1,0.14635312499999997,0.02584775720897995,0.1068970484375,0.8230557291666667,0.00041731897815849525,0.002347536058710335,0.49814020606191756,16,10
160,2,cool,39.8,0.162284375,0.02718161556290161,0.11821443593750001,0.7743875,0.0004434601132689917,0.0019032368583807272,0.5399467550787433,16,10
160,2,cool,31.6,0.17519374999999998,0.027970435703390466,0.12517524375,0.73778125,0.0004101821556580845,0.002145017179792686,0.48081877556793795,16,10
160,2,cool,25.1,0.19218906249999998,0.02860109191090602,0.130883593359375,0.6911984375,0.0004441331477932607,0.0031423930884114343,0.5338968189228476,16,10
160,2,cool,15.85,0.2445765625,0.029999192656779843,0.14399224960937498,0.557025,0.000492155467003234,0.0031358247083571192,0.6120785185009668,16,10
160,2,cool,10,0.33465468750000005,0.031219045567607344,0.155940608984375,0.3612151041666667,0.0006901005600621161,0.0032820343445580822,0.8736016875609559,16,10
160,2,cool,7.94,0.401375,0.0312569367301084,0.15631937499999998,0.25050364583333334,0.0007231116313789646,0.0042552785086625985,1.444223997983249,16,10
160,2,cool,6.31,0.4802375,0.029607296925758014,0.140254725,0.14949427083333333,0.0009687666932583908,0.0038160180945314157,2.5842182872159434,16,10
160,2,cool,6.03,0.5003500000000001,0.029672604157707495,0.14087415,0.1301703125,0.0012307922092472568,0.006434293658072452,3.4673520339477233,16,10
160,2,cool,5.89,0.5077234375,0.029654041631092948,0.14069794960937498,0.12298177083333334,0.0012676411369122538,0.0054651512299238834,3.3681867921602064,16,10
160,2,cool,5.75,0.5166796875,0.029723677586687414,0.141359521484375,0.11443854166666667,0.0016457080651510207,0.006517834536847426,4.596438345921489,16,10
160,2,cool,5.62,0.52820625,0.02974095910419669,0.14152394375,0.10640052083333333,0.0013836333647632005,0.007216073171286886,4.925490111303469,16,10
160,2,cool,5.01,0.575775,0.028290225785595986,0.1280539,0.0717046875,0.0018977488015615054,0.007483640109294589,10.731814025331103,16,10
160,2,cool,3.98,0.6804328125000001,0.02781366179982139,0.123775965234375,0.027338020833333334,0.0030580020720027386,0.014602773008094512,33.00408516264327,16,10
160,2,cool,2.0,0.9099437500000002,0.010753304361334709,0.018501368750000014,0.00225625,0.002466710900538591,0.0031436769413655317,575.1300149826731,16,10
160,2,cool,0.562,0.9250000000000003,2.220446049250313e-16,7.888609052210118e-30,0.0019057291666666667,3.3306690738754696e-16,0.0,nan,16,10
160,2,cool,0.316,0.9250000000000003,2.220446049250313e-16,7.888609052210118e-30,0.0018692708333333332,3.3306690738754696e-16,0.0,nan,16,10
160,2,cool,0.178,0.9278281250000002,0.005201951819689875,0.004329648437499969,0.0017677083333333334,0.0011778965871913991,0.0012680098738345415,342.10562121836534,16,10
160,2,cool,0.1,0.9419624999999998,0.005988935109850477,0.005738774999999958,0.0013958333333333333,0.0013757248507604606,0.0008591758279872634,396.9207989882439,16,10
160,2,heat,0.1,1.0,0.0,0.0,0.0,0.0,0.0,nan,16,10
160,2,heat,0.178,1.0,0.0,0.0,0.0,0.0,0.0,nan,16,10
160,2,heat,0.316,1.0,0.0,0.0,0.0,0.0,0.0,nan,16,10
160,2,heat,0.562,1.0,0.0,0.0,0.0,0.0,0.0,nan,16,10
160,2,heat,2.0,1.0,0.0,0.0,0.0,0.0,0.0,nan,16,10
160,2,heat,3.98,0.8350906250000001,0.15086500455575963,3.6416399359374996,0.008603125,0.03467400409634345,0.3775622140233603,493.07008892820124,16,10
160,2,heat,5.01,0.5775234375,0.02639523508246505,0.11147334960937502,0.07071041666666666,0.0014918861215415997,0.005762155038574654,7.311478653802624,16,10
160,2,heat,5.62,0.526346875,0.029691815311367796,0.1410566234375,0.10631458333333334,0.0013096296293436057,0.007813498103727596,4.756979435799637,16,10
160,2,heat,5.75,0.5186828124999999,0.029329841909987237,0.137638340234375,0.114078125,0.0015708255265786753,0.004607111543300844,5.0347956343789235,16,10
160,2,heat,5.89,0.508815625,0.030172349815010678,0.1456593109375,0.122871875,0.0014862790706392601,0.004771268224791928,4.926665707318903,16,10
160,2,heat,6.03,0.49859062500000007,0.030221609708276212,0.14613531093749998,0.13078489583333333,0.0010567660856940148,0.007128911054045513,3.0703186193918897,16,10
160,2,heat,6.31,0.4827828125,0.031122616900171547,0.15497876523437498,0.1488015625,0.0008571504782380688,0.005499012298242687,2.9508399353998365,16,10
160,2,heat,7.94,0.40150156249999996,0.032280829460898205,0.166728312109375,0.2508796875,0.0008575954603103502,0.003968871553919113,1.5452649061438006,16,10
160,2,heat,10,0.3338578125,0.031807620228332764,0.161875952734375,0.36185260416666665,0.0007323961868828558,0.002892172178902519,1.0188620343525912,16,10
160,2,heat,15.85,0.243340625,0.030027467731385125,0.1442638109375,0.5579015625,0.00035369610172158566,0.0036925634415152656,0.5477882122097341,16,10
160,2,heat,25.1,0.192040625,0.02884813262343639,0.1331543609375,0.691065625,0.0003258122587161,0.0031236180043290023,0.48851779722479,16,10
160,2,heat,31.6,0.1754609375,0.02778742615367774,0.12354256835937501,0.7370817708333334,0.00041502352308850674,0.0025290106073281495,0.5270668783564999,16,10
160,2,heat,39.8,0.163046875,0.02701406155105846,0.11676152343750001,0.7731760416666666,0.0003811438704228857,0.002921939600448572,0.5317771553905148,16,10
160,2,heat,63.1,0.146340625,0.02630774136750198,0.11073556093749999,0.8233354166666667,0.0004601298297169089,0.00288024544905613,0.47097174996125546,16,10
160,2,heat,79.4,0.140284375,0.0255548045797532,0.10448768593750002,0.84089375,0.0005522090048161118,0.0018716216650086102,0.5252896210188498,16,10
160,2,heat,100,0.13515156250000002,0.02517327602207535,0.10139101210937501,0.8537875,0.00029566867409949006,0.0021784673245461295,0.5315250643460832,16,10
160,2,heat,177.8,0.128325,0.025036283045811732,0.100290475,0.8759697916666667,0.0003575610515368974,0.002037745644432042,0.49077218942577594,16,10
160,3,cool,177.8,0.1279453125,0.02476583571479759,0.09813545898437499,0.8761911458333334,0.0003546119147986817,0.0016435670327371278,0.4664100821218689,16,10
160,3,cool,100,0.1355703125,0.02519023204592097,0.101527646484375,0.8538036458333333,0.0002873484824922949,0.0016018879661718207,0.4961047524528602,16,10
160,3,cool,79.4,0.1400078125,0.02557330795164841,0.10463905273437502,0.8410015625,0.00033901981505510807,0.002724404052291557,0.5184948189484421,16,10
160,3,cool,63.1,0.14485000000000003,0.02585644262074735,0.1069689,0.8237348958333334,0.00033725571997268895,0.0023936785867998793,0.4630517473524025,16,10
160,3,cool,39.8,0.1623359375,0.02663120595037134,0.113475380859375,0.7734947916666667,0.0003433112787844656,0.0019373478650478021,0.43385004520559345,16,10
160,3,cool,31.6,0.1746125,0.027985875343644336,0.125313475,0.7379625,0.000397684880784142,0.0019548512124008153,0.5087509436646737,16,10
160,3,cool,25.1,0.19206406249999997,0.028212007733784097,0.127346780859375,0.6906723958333333,0.00037228098720925787,0.0029807407413522625,0.4878708849544464,16,10
160,3,cool,15.85,0.24294375,0.030434906845388895,0.14820536874999998,0.5573390625,0.00048387034452681687,0.003355273517564009,0.6050636279965923,16,10
160,3,cool,10,0.3359484375000001,0.032727343031990756,0.17137263710937503,0.3600776041666667,0.0007184615359928264,0.003945701444079084,0.966273582035722,16,10
160,3,cool,7.94,0.40207187499999997,0.031132345863817825,0.15507567343749998,0.24965104166666666,0.0007230231267102137,0.004574024040333033,1.561057072467097,16,10
160,3,cool,6.31,0.48186406249999997,0.030574637759441955,0.149569355859375,0.14993958333333332,0.0010865242266186678,0.006863791775885154,2.607509286879905,16,10
160,3,cool,6.03,0.49907656250000004,0.030469900579237107,0.148546374609375,0.13160625,0.0010478815825161576,0.006265466840149567,3.0333397809136087,16,10
160,3,cool,5.89,0.510359375,0.03037827512564489,0.1476543359375,0.12250104166666667,0.0016800494355955515,0.0051691434227256255,3.9883625955811826,16,10
160,3,cool,5.75,0.51815625,0.029165459424420184,0.13609984375,0.11390625,0.0011582648683205212,0.005313003132561421,3.8511107305084527,16,10
160,3,cool,5.62,0.52664375,0.029933409819756587,0.14336144375,0.10673489583333333,0.0010359998485903851,0.008566881435609686,4.967968618781463,16,10
160,3,cool,5.01,0.574696875,0.02868038293388662,0.1316102984375,0.0722046875,0.0014269391946384138,0.009701038446606814,7.07601605772047,16,10
160,3,cool,3.98,0.675515625,0.024624677781838588,0.0970199609375,0.027828125,0.0030756817776634747,0.00880136857154863,30.37794653857673,16,10
160,3,cool,2.0,0.9283687500000001,0.005631867335751102,0.005074868750000035,0.0017427083333333333,0.0012298091150908875,0.0019519904080148973,331.7112835007951,16,10
160,3,cool,0.562,0.9625000000000002,2.220446049250313e-16,7.888609052210118e-30,0.001146875,0.0,0.0,nan,16,10
160,3,cool,0.316,0.9625000000000002,2.220446049250313e-16,7.888609052210118e-30,0.0010942708333333334,0.0,0.0,nan,16,10
160,3,cool,0.178,0.9625000000000002,2.220446049250313e-16,7.888609052210118e-30,0.0011125,0.0,0.0,nan,16,10
160,3,cool,0.1,0.9625000000000002,2.220446049250313e-16,7.888609052210118e-30,0.0010703125,0.0,0.0,nan,16,10
160,3,heat,0.1,1.0,0.0,0.0,0.0,0.0,0.0,nan,16,10
160,3,heat,0.178,1.0,0.0,0.0,0.0,0.0,0.0,nan,16,10
160,3,heat,0.316,1.0,0.0,0.0,0.0,0.0,0.0,nan,16,10
160,3,heat,0.562,1.0,0.0,0.0,0.0,0.0,0.0,nan,16,10
160,3,heat,2.0,1.0,0.0,0.0,0.0,0.0,0.0,nan,16,10
160,3,heat,3.98,0.75246875,0.12717436587590086,2.5877310937499995,0.0131203125,0.026764915585511764,0.5560866863853113,385.14212235604407,16,10
160,3,heat,5.01,0.57505625,0.030205299488458976,0.14597761875,0.07282291666666667,0.001586057656196422,0.008400543315053993,7.413518356167836,16,10
160,3,heat,5.62,0.531078125,0.02828547534043533,0.12801089843750002,0.10444427083333334,0.0012169402420997492,0.004914301962090768,4.998889511949735,16,10
160,3,heat,5.75,0.517875,0.028202947540992944,0.127265,0.11419947916666667,0.0010643927979418811,0.004575708479806571,4.106124934625005,16,10
160,3,heat,5.89,0.5064390625,0.02994613323947006,0.14348334335937496,0.1240890625,0.001998444796886111,0.008970907476554133,5.269766117152179,16,10
160,3,heat,6.03,0.4986375,0.03024055637715682,0.14631860000000002,0.1312484375,0.0013510362740427441,0.005737170751873229,3.5715609523351,16,10
160,3,heat,6.31,0.483071875,0.030763734070888973,0.1514251734375,0.14745729166666666,0.0013210557593258685,0.005633033421187399,3.1747774807411924,16,10
160,3,heat,7.94,0.4018421875,0.031917173348995735,0.162992952734375,0.24989322916666667,0.0009759923104355367,0.0037566957552580427,1.3889972905867127,16,10
160,3,heat,10,0.33419843749999995,0.031441104376812114,0.15816688710937502,0.36178229166666664,0.0006498644925683904,0.003647601719358782,0.9718514143384859,16,10
160,3,heat,15.85,0.24277812499999998,0.030374176782826147,0.1476144984375,0.5581916666666666,0.0004888763473497636,0.003725087491902095,0.5984903932178537,16,10
160,3,heat,25.1,0.191715625,0.028537290399744945,0.1303003109375,0.6915708333333334,0.000628223532158277,0.0036697049948943355,0.6392580528145466,16,10
160,3,heat,31.6,0.17566250000000003,0.02780355474125566,0.123686025,0.7366921875,0.0003770908074463581,0.0029054565210593674,0.46250942173877385,16,10
160,3,heat,39.8,0.162175,0.026736047763272715,0.11437059999999999,0.77351875,0.0004138240898071142,0.0028960718288943378,0.5268599520879863,16,10
160,3,heat,63.1,0.145475,0.026491319332943766,0.11228640000000001,0.8236375,0.00038889256292457875,0.0021409046630482993,0.5004886648489951,16,10
160,3,heat,79.4,0.1398984375,0.025883215737879127,0.10719053710937501,0.8402869791666666,0.00037399064624207097,0.0025284201897585574,0.506574760582822,16,10
160,3,heat,100,0.13553593749999998,0.02524566557591805,0.101974980859375,0.854125,0.0003634845596547698,0.0018649593248371888,0.4952760987702741,16,10
160,3,heat,177.8,0.128859375,0.02529682674485824,0.10238871093750002,0.875690625,0.00038146400923520535,0.0017464277489799705,0.5174270069582639,16,10
