N,replica,leg,g,phi,phi_sd,chi,acceptance,phi_err,chi_err,tau_int,lx,ly,lam,cap,surplus
160,0,cool,177.8,0.1294484375,0.02532998002730349,0.10265726210937501,0.8781916666666667,0.0002702617432657585,0.0026476203804024147,0.5151321199130245,16,10,1.0,none,0.000325
160,0,cool,100,0.13638124999999998,0.02600815602243842,0.10822786874999998,0.8558979166666667,0.0004276390844198374,0.003145031487819794,0.4847977105777725,16,10,1.0,none,0.000346875
160,0,cool,79.4,0.14114374999999998,0.02654566451772304,0.11274756875000001,0.843096875,0.00035813181799792637,0.0020163953809918273,0.5066539110751062,16,10,1.0,none,0.00048125
160,0,cool,63.1,0.1467515625,0.026682530229226648,0.11391318710937501,0.8260890625,0.00039146714017390894,0.002937489970330459,0.5295683853983411,16,10,1.0,none,0.0005015625000000001
160,0,cool,39.8,0.1639375,0.027563562904675442,0.12156,0.7761203125,0.00039754712520380885,0.003369181082229885,0.4987212192857614,16,10,1.0,none,0.0006374999999999999
160,0,cool,31.6,0.17775468749999998,0.02815032848213931,0.126790558984375,0.7396635416666667,0.0005113006253491413,0.0022528805424575807,0.5180647098420412,16,10,1.0,none,0.0008734375000000001
160,0,cool,25.1,0.19390625,0.02948839483063634,0.13913046874999999,0.6936875,0.0005139433009219021,0.003617473692338657,0.49871124569495434,16,10,1.0,none,0.0010984375
160,0,cool,15.85,0.24831718749999998,0.03193759444549391,0.163201590234375,0.5603130208333333,0.000494998741751873,0.0037924112594006176,0.6359647337413199,16,10,1.0,none,0.0023765624999999998
160,0,cool,10,0.345840625,0.033129486577056624,0.1756100609375,0.36201979166666665,0.0008098502727163532,0.003642285977180721,0.86896964382638,16,10,1.0,none,0.0064328125
160,0,cool,7.94,0.4176296875,0.03359897891718353,0.18062262148437497,0.2509635416666667,0.0008368497907657544,0.005529848566874124,1.6954673729177685,16,10,1.0,none,0.0119765625
160,0,cool,6.31,0.51045625,0.032538781548907145,0.16940356875000004,0.14505104166666666,0.0010776220167463923,0.007169210564928786,2.8993437207006387,16,10,1.0,none,0.0226125
160,0,cool,6.03,0.5321312500000001,0.034381601070739856,0.18913511874999997,0.12629583333333333,0.0014877122476725788,0.007547369213749736,4.521152585455697,16,10,1.0,none,0.026540625
160,0,cool,5.89,0.54115,0.03377542098183234,0.18252465,0.11888697916666667,0.0012277365249782294,0.008872998210230689,3.704008228868631,16,10,1.0,none,0.0278078125
160,0,cool,5.75,0.5550796875000001,0.032040737885968604,0.164257421484375,0.1087109375,0.0015509763121528894,0.008169424974936145,5.461626427175808,16,10,1.0,none,0.0300546875
160,0,cool,5.62,0.5615203124999999,0.031220410639953854,0.155954246484375,0.10286302083333333,0.00133438197040041,0.0072743948690501496,4.958414184185642,16,10,1.0,none,0.03080625
160,0,cool,5.01,0.61658125,0.030365990819294864,0.14753494374999998,0.06725729166666666,0.001956538670853938,0.011158376070982662,7.471147313345876,16,10,1.0,none,0.0434671875
160,0,cool,3.98,0.7308734375,0.028294365009814124,0.128091374609375,0.025724479166666668,0.001969329143676293,0.010405512931369295,18.317531787819448,16,10,1.0,none,0.080925
160,0,cool,2.0,0.9768031249999999,0.02234474888501492,0.07988604843750009,0.0013786458333333333,0.004742731394109301,0.011265521883821268,354.57249615779233,16,10,1.0,none,0.2435609375
160,0,cool,0.562,1.0162828125,0.0030549808043331492,0.0014932652343750425,0.0002494791666666667,0.0005176184380904875,0.00012287276320773667,68.94520496302519,16,10,1.0,none,0.25888125
160,0,cool,0.316,1.0157484375,0.0031225611577027643,0.0015600621093750443,0.00023802083333333333,0.00047554578507355273,5.06477210984754e-05,46.758366284582664,16,10,1.0,none,0.25674375
160,0,cool,0.178,1.0160437500000001,0.0030968166619127248,0.0015344437500000435,0.0002265625,0.00045227514677318673,7.817124087166403e-05,91.52492899013129,16,10,1.0,none,0.257925
160,0,cool,0.1,1.017084375,0.0027633041109105627,0.0012217359375000345,0.0002375,0.0004372259857971511,0.00019948668968655146,168.4278492126575,16,10,1.0,none,0.2620875
160,0,heat,0.1,1.0,0.0,0.0,0.0,0.0,0.0,nan,16,10,1.0,none,0.0
160,0,heat,0.178,1.0,0.0,0.0,0.0,0.0,0.0,nan,16,10,1.0,none,0.0
160,0,heat,0.316,1.0,0.0,0.0,0.0,0.0,0.0,nan,16,10,1.0,none,0.0
160,0,heat,0.562,1.0,0.0,0.0,0.0,0.0,0.0,nan,16,10,1.0,none,0.0
160,0,heat,2.0,1.0,0.0,0.0,0.0,0.0,0.0,nan,16,10,1.0,none,0.0
160,0,heat,3.98,0.7277140624999999,0.0309653769211856,0.15341673085937502,0.018774479166666667,0.0031745252675412427,0.01676767276120167,20.078636570198338,16,10,1.0,none,0.0828546875
160,0,heat,5.01,0.6160234375,0.03205490647012706,0.164402724609375,0.06843958333333333,0.0019827174867799004,0.013168730885221752,7.492541357294936,16,10,1.0,none,0.0441578125
160,0,heat,5.62,0.561975,0.032483736315270136,0.1688309,0.10230989583333333,0.00188458597465315,0.00821315368433932,4.685136982370866,16,10,1.0,none,0.0318625
160,0,heat,5.75,0.5517687499999999,0.031617471312353554,0.15994631874999998,0.11051041666666667,0.0016180537871152627,0.007244409252711416,3.8862159796037306,16,10,1.0,none,0.029679687500000003
160,0,heat,5.89,0.5402437500000001,0.03396303079728751,0.18455799374999998,0.11936979166666667,0.0018429518677453693,0.010342240398251566,3.629331750080662,16,10,1.0,none,0.027396874999999998
160,0,heat,6.03,0.5302437500000001,0.03243658416337177,0.16834111875000005,0.12654010416666667,0.0013736015301793086,0.00862763087489889,3.9090158012067935,16,10,1.0,none,0.0254453125
160,0,heat,6.31,0.5088453125,0.03358833819054381,0.18050823398437502,0.145975,0.001450513627995273,0.008415445269418672,3.7009038347282606,16,10,1.0,none,0.0225453125
160,0,heat,7.94,0.42021718750000003,0.0339934175828916,0.18488839023437498,0.24820885416666666,0.0011123159819894067,0.005474656637554186,1.578709152794989,16,10,1.0,none,0.01214375
160,0,heat,10,0.3471765625,0.03266106240707111,0.170679199609375,0.3611010416666667,0.0008074297754572346,0.004250732588709057,1.0740468031322663,16,10,1.0,none,0.0064546875
160,0,heat,15.85,0.2470453125,0.031241409717750315,0.156164108984375,0.5608380208333333,0.0006225928437289487,0.002470800706019633,0.5998362543411383,16,10,1.0,none,0.0022671875
160,0,heat,25.1,0.1943640625,0.029291168235853857,0.137275605859375,0.6936640625,0.0004450791315154497,0.0035402405011444736,0.47233543749106055,16,10,1.0,none,0.0010125
160,0,heat,31.6,0.1768328125,0.027894019882670977,0.12449221523437501,0.7407802083333334,0.00046606006280164325,0.00243958741984504,0.5534146963967304,16,10,1.0,none,0.00078125
160,0,heat,39.8,0.16444843750000002,0.027247464000042163,0.11878788710937499,0.7753020833333333,0.00033600392184920697,0.0023488384733127724,0.4788543599774489,16,10,1.0,none,0.000684375
160,0,heat,63.1,0.1467828125,0.026883561454257576,0.11563614023437499,0.8267578125,0.0004208739510307689,0.0026239247243890064,0.5047822672461376,16,10,1.0,none,0.0004859375
160,0,heat,79.4,0.140896875,0.026025909378624503,0.10837567343749999,0.843159375,0.0003922975280294873,0.002375548846874755,0.4721851179355389,16,10,1.0,none,0.000428125
160,0,heat,100,0.136896875,0.02518307013619219,0.10146992343750001,0.8562473958333333,0.00037553914347408584,0.002485773395567489,0.46239175724482245,16,10,1.0,none,0.00038124999999999997
160,0,heat,177.8,0.1294859375,0.025728514198668638,0.10591303085937501,0.878778125,0.000499456699541409,0.0017450092874362483,0.4657085897350304,16,10,1.0,none,0.0003296875
160,1,cool,177.8,0.1291,0.02535194765693555,0.10283540000000001,0.8782463541666666,0.00044602261840943864,0.0018257504490334204,0.5220820687085072,16,10,1.0,none,0.0003296875
160,1,cool,100,0.13665156250000002,0.02566408751901368,0.10538326210937501,0.8562151041666667,0.00031476096292154337,0.0023389393681115585,0.5259871120395907,16,10,1.0,none,0.0004046875
160,1,cool,79.4,0.1415015625,0.026201838211919286,0.10984581210937498,0.8430088541666667,0.000359202004557498,0.002300533770806056,0.4877571735076965,16,10,1.0,none,0.00041562500000000003
160,1,cool,63.1,0.1473046875,0.02645919133594872,0.11201420898437502,0.8257770833333333,0.00037215473690808314,0.0018539040918258822,0.5096288186789346,16,10,1.0,none,0.0004734375
160,1,cool,39.8,0.1645078125,0.027449206242437026,0.120553427734375,0.776259375,0.0003714514481858638,0.002231583329049834,0.4994893197289408,16,10,1.0,none,0.0006328125
160,1,cool,31.6,0.1770546875,0.02799147012756464,0.125363583984375,0.7392645833333333,0.0004317436605643446,0.002049501284099276,0.5319652804565852,16,10,1.0,none,0.0008453125
160,1,cool,25.1,0.19448906249999998,0.029379166551250113,0.13810166835937496,0.69268125,0.00038824778220953834,0.003106883493035871,0.5126140879720255,16,10,1.0,none,0.0010546875
160,1,cool,15.85,0.2483046875,0.03127853287244054,0.156535458984375,0.5607625,0.0006008450559420464,0.002570729823769613,0.6448560469077922,16,10,1.0,none,0.0022875
160,1,cool,10,0.346725,0.03373172190238737,0.18205264999999998,0.36189895833333335,0.00047552490565525246,0.0032801292215011743,0.9326460686497633,16,10,1.0,none,0.0064390625
160,1,cool,7.94,0.4184359375,0.033768932732188825,0.182454530859375,0.2499078125,0.0008715492263465748,0.0036904972337013266,2.129835911942156,16,10,1.0,none,0.0119015625
160,1,cool,6.31,0.509196875,0.03284771191018295,0.1726355484375,0.1457296875,0.0010526720933756544,0.007512458714083235,2.950008443446524,16,10,1.0,none,0.0226625
160,1,cool,6.03,0.530646875,0.03424788300368908,0.1876667984375,0.12715572916666668,0.0015347962675103367,0.006567047843343934,3.544843256629814,16,10,1.0,none,0.025665624999999997
160,1,cool,5.89,0.5421156249999999,0.033096755499737056,0.1752632359375,0.117834375,0.0014009797281270896,0.006495402442506793,4.120672685922144,16,10,1.0,none,0.0277015625
160,1,cool,5.75,0.5565328125,0.03217123523374326,0.16559814023437502,0.10766875,0.0010970186088325932,0.007423345049971474,4.390699646748299,16,10,1.0,none,0.030449999999999998
160,1,cool,5.62,0.564425,0.03245196931620638,0.16850085,0.10074010416666666,0.0021890329908699807,0.008605499395284402,5.367087920243402,16,10,1.0,none,0.0325
160,1,cool,5.01,0.618278125,0.0322891596977124,0.16681437343749997,0.06773177083333333,0.002013568020602669,0.008762680736723486,7.883598960361994,16,10,1.0,none,0.0443390625
160,1,cool,3.98,0.7311578125000001,0.029931583730064198,0.143343952734375,0.025259375,0.002835493062094407,0.010654580488815448,24.123834330183552,16,10,1.0,none,0.0828
160,1,cool,2.0,0.9830687499999999,0.017054392533523463,0.04653636875000013,0.0008619791666666667,0.0037368429581802615,0.006978555466256785,488.5909225272893,16,10,1.0,none,0.20264218750000002
160,1,cool,0.562,0.9875000000000003,2.220446049250313e-16,7.888609052210118e-30,0.00015885416666666665,3.3306690738754696e-16,0.0,nan,16,10,1.0,none,0.1375
160,1,cool,0.316,0.9875000000000003,2.220446049250313e-16,7.888609052210118e-30,0.00012291666666666665,3.3306690738754696e-16,0.0,nan,16,10,1.0,none,0.1375
160,1,cool,0.178,0.9875000000000003,2.220446049250313e-16,7.888609052210118e-30,0.00013958333333333333,3.3306690738754696e-16,0.0,nan,16,10,1.0,none,0.1375
160,1,cool,0.1,0.9875000000000003,2.220446049250313e-16,7.888609052210118e-30,0.00010104166666666667,3.3306690738754696e-16,0.0,nan,16,10,1.0,none,0.1375
160,1,heat,0.1,1.0,0.0,0.0,0.0,0.0,0.0,nan,16,10,1.0,none,0.0
160,1,heat,0.178,1.0,0.0,0.0,0.0,0.0,0.0,nan,16,10,1.0,none,0.0
160,1,heat,0.316,1.0,0.0,0.0,0.0,0.0,0.0,nan,16,10,1.0,none,0.0
160,1,heat,0.562,1.0,0.0,0.0,0.0,0.0,0.0,nan,16,10,1.0,none,0.0
160,1,heat,2.0,1.0,0.0,0.0,0.0,0.0,0.0,nan,16,10,1.0,none,0.0
160,1,heat,3.98,0.7330562500000001,0.02900665265826962,0.13462174375,0.02141875,0.0029276651374084543,0.010104863284623093,25.173003981228142,16,10,1.0,none,0.08140937499999999
160,1,heat,5.01,0.6184578125000001,0.0315563511569358,0.159328527734375,0.06756197916666666,0.0017106623618128316,0.009833440194955015,6.798582146098785,16,10,1.0,none,0.044578125
160,1,heat,5.62,0.5629812500000001,0.0336648642643558,0.18133169375000002,0.10186822916666667,0.0016248251475519462,0.006874627452333067,5.417683352202224,16,10,1.0,none,0.0329984375
160,1,heat,5.75,0.5509765625,0.03305200444085946,0.174789599609375,0.11033072916666667,0.001476769644448203,0.010673664592080903,4.7759358230402675,16,10,1.0,none,0.029064062499999998
160,1,heat,5.89,0.5418265625,0.03291355862419914,0.17332837460937497,0.11845572916666666,0.0011023154414818335,0.007294230380983566,3.958556653886674,16,10,1.0,none,0.0280859375
160,1,heat,6.03,0.5301515625000001,0.03421974138832136,0.18735851210937504,0.12673854166666668,0.0018064382593581873,0.01044793032982072,4.51802700634891,16,10,1.0,none,0.025348437499999998
160,1,heat,6.31,0.5123484375,0.03372346291061453,0.181963512109375,0.14375104166666666,0.0009716375060304085,0.0071015375162103034,2.790461637935571,16,10,1.0,none,0.022915625000000002
160,1,heat,7.94,0.41948749999999996,0.03440230506448659,0.189362975,0.24920625,0.0007421314283029656,0.006797941074260374,1.529258530156015,16,10,1.0,none,0.011979687499999999
160,1,heat,10,0.34490000000000004,0.03351809446030606,0.179754025,0.36313958333333335,0.0006982964159728657,0.0037531680826979174,1.0892731945280405,16,10,1.0,none,0.006471875
160,1,heat,15.85,0.248709375,0.03155281890512122,0.1592928609375,0.559453125,0.0005978914324769141,0.004017252679893636,0.5746221571300525,16,10,1.0,none,0.0021640625
160,1,heat,25.1,0.1945484375,0.029051025918779422,0.135033937109375,0.6931,0.0005221666050109596,0.002514761956065327,0.5198783036878641,16,10,1.0,none,0.0011453125
160,1,heat,31.6,0.177475,0.02814595330593725,0.12675114999999998,0.7397520833333333,0.0003704284557246479,0.002879370401489337,0.5011723016042632,16,10,1.0,none,0.0008125000000000001
160,1,heat,39.8,0.164075,0.027672750021456128,0.12252497500000001,0.7761427083333333,0.00038926549799550434,0.0031535238689328034,0.5418966498282941,16,10,1.0,none,0.0007015625
160,1,heat,63.1,0.14730624999999997,0.026359325170373767,0.11117024375,0.8258213541666667,0.00045982746929002996,0.002294319832855026,0.47590628528075624,16,10,1.0,none,0.0005140625
160,1,heat,79.4,0.14087812500000002,0.02580490184023909,0.10654287343749999,0.8434572916666667,0.0004429734633788045,0.0022325833216567024,0.5274062763319423,16,10,1.0,none,0.00042343750000000004
160,1,heat,100,0.13721250000000002,0.02560661230522304,0.10491177499999998,0.8566541666666667,0.00038246474510731114,0.0024937286838025868,0.4941967842732942,16,10,1.0,none,0.0003921875
160,1,heat,177.8,0.12909375,0.025438709277152804,0.10354046875000002,0.8781447916666667,0.0003341006999323899,0.0018554410397924963,0.4567616769792401,16,10,1.0,none,0.0003265625
160,2,cool,177.8,0.129875,0.0253622966970659,0.102919375,0.8786833333333334,0.0003933127222707147,0.0020492778887116225,0.5195297451602185,16,10,1.0,none,0.0003328125
160,2,cool,100,0.13657968750000002,0.025731916767457175,0.10594104648437498,0.8562015625,0.00036323498662410364,0.0022439160034141595,0.481305769178076,16,10,1.0,none,0.00036250000000000003
160,2,cool,79.4,0.1412890625,0.02580895173667644,0.106576318359375,0.8429453125,0.0003845100034637221,0.0023925837258264885,0.4816615961626739,16,10,1.0,none,0.00044062499999999994
160,2,cool,63.1,0.1471390625,0.02685734517308242,0.11541071835937498,0.8254083333333333,0.0003839081702103999,0.0024022017565331647,0.5182510462886751,16,10,1.0,none,0.00047968749999999997
160,2,cool,39.8,0.1646609375,0.027650657582525842,0.12232941835937503,0.7766520833333334,0.0004971987332169106,0.002593654802962384,0.49705970600100174,16,10,1.0,none,0.0006578125
160,2,cool,31.6,0.176471875,0.02763464180579106,0.1221877484375,0.7409640625,0.0003715016935500394,0.002136960270138859,0.5050019166242012,16,10,1.0,none,0.0008
160,2,cool,25.1,0.1936,0.029169443022622147,0.13613702499999997,0.6944166666666667,0.0003628633429599394,0.0034524953642701226,0.5486519204408267,16,10,1.0,none,0.001053125
160,2,cool,15.85,0.24839218749999997,0.03160243292991607,0.15979420273437495,0.55956875,0.0004399154792755648,0.004155071233505969,0.5969350581228693,16,10,1.0,none,0.002303125
160,2,cool,10,0.3462109375,0.03358769476677573,0.180501318359375,0.3619104166666667,0.0008204920835510359,0.004323350371664602,1.0761125581551947,16,10,1.0,none,0.006489062499999999
160,2,cool,7.94,0.41902187500000004,0.03353729718886683,0.1799600484375,0.24833229166666668,0.0008630606455631722,0.005448303548069889,1.672861734833315,16,10,1.0,none,0.011679687499999999
160,2,cool,6.31,0.510603125,0.03395216519582183,0.18443992343750004,0.14554114583333333,0.001302918019454761,0.005476868968971592,3.1263849309161187,16,10,1.0,none,0.0225203125
160,2,cool,6.03,0.5320609375,0.03282286439733884,0.172374468359375,0.1260171875,0.0010196028177754499,0.006442067705397374,3.8465474516559586,16,10,1.0,none,0.02598125
160,2,cool,5.89,0.54023125,0.03207506515484419,0.16460956875000002,0.11828333333333334,0.0015010715007946992,0.008539941729527972,4.139112711854855,16,10,1.0,none,0.02793125
160,2,cool,5.75,0.5555703125,0.03411745763575216,0.18624014648437495,0.10803802083333333,0.001659643832437212,0.01006997577060607,5.740097813341908,16,10,1.0,none,0.030939062499999996
160,2,cool,5.62,0.5635765624999999,0.03229749406004425,0.16690049960937497,0.10181302083333334,0.0017237974898138872,0.007380537573151246,4.800002271030496,16,10,1.0,none,0.033046874999999996
160,2,cool,5.01,0.6168687500000001,0.03120365250555614,0.15578686875,0.06889322916666667,0.0018815395324618578,0.010025115681814831,7.5931822998206595,16,10,1.0,none,0.042440624999999996
160,2,cool,3.98,0.7278109375,0.029570146300721842,0.139902968359375,0.0263640625,0.00304934319747328,0.008684824543604511,23.892408219191037,16,10,1.0,none,0.080740625
160,2,cool,2.0,0.99353125,0.01244954661574069,0.024798593750000073,0.0008328125,0.00246211014574197,0.00572057430374055,206.88302939959897,16,10,1.0,none,0.178428125
160,2,cool,0.562,1.0124999999999997,2.220446049250313e-16,7.888609052210118e-30,6.822916666666666e-05,2.220446049250313e-16,0.0,nan,16,10,1.0,none,0.1875
160,2,cool,0.316,1.0124999999999997,2.220446049250313e-16,7.888609052210118e-30,6.25e-05,2.220446049250313e-16,0.0,nan,16,10,1.0,none,0.1875
160,2,cool,0.178,1.0124999999999997,2.220446049250313e-16,7.888609052210118e-30,4.479166666666667e-05,2.220446049250313e-16,0.0,nan,16,10,1.0,none,0.1875
160,2,cool,0.1,1.0124999999999997,2.220446049250313e-16,7.888609052210118e-30,5.6770833333333335e-05,2.220446049250313e-16,0.0,nan,16,10,1.0,none,0.1875
160,2,heat,0.1,1.0,0.0,0.0,0.0,0.0,0.0,nan,16,10,1.0,none,0.0
160,2,heat,0.178,1.0,0.0,0.0,0.0,0.0,0.0,nan,16,10,1.0,none,0.0
160,2,heat,0.316,1.0,0.0,0.0,0.0,0.0,0.0,nan,16,10,1.0,none,0.0
160,2,heat,0.562,1.0,0.0,0.0,0.0,0.0,0.0,nan,16,10,1.0,none,0.0
160,2,heat,2.0,1.0,0.0,0.0,0.0,0.0,0.0,nan,16,10,1.0,none,0.0
160,2,heat,3.98,0.7708671875,0.08852083053702584,1.2537499902343752,0.013892708333333333,0.01935539543334021,0.517583007592315,312.8178587681682,16,10,1.0,none,0.0676640625
160,2,heat,5.01,0.6153515625,0.03376885233737732,0.182453662109375,0.06903645833333333,0.002293764405138263,0.015128356695833779,7.6084382469401755,16,10,1.0,none,0.043040625
160,2,heat,5.62,0.5645890625,0.032954767139916095,0.17376266835937498,0.1006125,0.0016812179676200323,0.005159809884395045,4.549289409842642,16,10,1.0,none,0.032056249999999994
160,2,heat,5.75,0.5542390625,0.03482221977051569,0.194013918359375,0.1092078125,0.0012564653465107643,0.011626688018277176,4.9722759532469984,16,10,1.0,none,0.0310875
160,2,heat,5.89,0.54304375,0.03288844247509298,0.17306394375000003,0.11748333333333333,0.001797765537540633,0.008907891843589548,4.986504840928311,16,10,1.0,none,0.0281203125
160,2,heat,6.03,0.5316640625,0.03414174322396403,0.18650538085937501,0.12783177083333333,0.001374075135755384,0.00755757913896012,3.6362744911960703,16,10,1.0,none,0.026285937500000002
160,2,heat,6.31,0.510153125,0.032739800266409304,0.1715031234375,0.1450375,0.0011947505738156446,0.006281737755491481,2.9327623753268672,16,10,1.0,none,0.02295625
160,2,heat,7.94,0.4191890625,0.03398460987706191,0.18479259335937498,0.24781458333333334,0.0009511626352939336,0.004834224787808655,1.7198197486756204,16,10,1.0,none,0.011898437500000001
160,2,heat,10,0.3461546875,0.033569958108438915,0.180310733984375,0.361996875,0.0006672720549172102,0.004403940848982731,0.8630869046395372,16,10,1.0,none,0.0065421875
160,2,heat,15.85,0.24810625000000003,0.03187695520964165,0.16258244375000003,0.5600364583333334,0.0006169423343680884,0.0036128965527088296,0.6626129645879064,16,10,1.0,none,0.002309375
160,2,heat,25.1,0.19415937500000002,0.02835510711687358,0.12864193593749998,0.6937786458333334,0.00046050571440324934,0.0027050992195886336,0.5377074170063535,16,10,1.0,none,0.00115625
160,2,heat,31.6,0.1774921875,0.02806851859004753,0.126054677734375,0.739834375,0.00044858435420977124,0.002205664569221179,0.5138756689468774,16,10,1.0,none,0.0008203125000000001
160,2,heat,39.8,0.16405,0.02766145501867174,0.12242497499999999,0.7762083333333333,0.00038234282763221285,0.0034496540243454657,0.5538088336068036,16,10,1.0,none,0.0006374999999999999
160,2,heat,63.1,0.1468171875,0.02645191276571212,0.11195259023437501,0.825859375,0.0004000738652502191,0.0024062851217662388,0.5107368059480036,16,10,1.0,none,0.000465625
160,2,heat,79.4,0.1412921875,0.026241891930458134,0.11018190273437499,0.8427119791666666,0.00040679379243118737,0.0023060360776660403,0.5077129736118109,16,10,1.0,none,0.00039843750000000003
160,2,heat,100,0.13662968749999999,0.025929486290270844,0.107574121484375,0.8565822916666667,0.0003798502483504186,0.002750510519440714,0.48244565766055975,16,10,1.0,none,0.000346875
160,2,heat,177.8,0.12910937500000003,0.025363523998241547,0.10292933593749999,0.878290625,0.00045988048654438206,0.0021408330541078805,0.5115942025814927,16,10,1.0,none,0.0003453125
160,3,cool,177.8,0.13005,0.02531723412519622,0.10255397499999999,0.8783453125,0.0002707141401258208,0.0025451702943183685,0.4908599803922775,16,10,1.0,none,0.00032031249999999996
160,3,cool,100,0.136659375,0.025730278969715328,0.1059275609375,0.8562630208333334,0.00044870108760245304,0.002033723260440351,0.482692297392374,16,10,1.0,none,0.000428125
160,3,cool,79.4,0.14171718750000004,0.026389852480922356,0.11142789023437501,0.8430765625,0.00042482443960113986,0.0025792069518689458,0.48671361439824873,16,10,1.0,none,0.00043437500000000003
160,3,cool,63.1,0.14708437500000002,0.0264275082699708,0.11174611093750002,0.8259442708333333,0.0005165769280728544,0.002513781331174632,0.5160795686110349,16,10,1.0,none,0.0004875
160,3,cool,39.8,0.16435781250000003,0.02689381059537387,0.11572432773437501,0.7759375,0.0004301538023790698,0.002957570507201029,0.5181240585410429,16,10,1.0,none,0.0006734375
160,3,cool,31.6,0.17710000000000004,0.027938341709915424,0.12488814999999999,0.7396875,0.00036034991863107376,0.003061737351640689,0.5142863911470199,16,10,1.0,none,0.0008296875
160,3,cool,25.1,0.1942171875,0.02970372085639851,0.14116976523437502,0.6942671875,0.0005971080740205644,0.003329281938153614,0.5578363438627713,16,10,1.0,none,0.00110625
160,3,cool,15.85,0.248275,0.030950012621160594,0.153264525,0.5607161458333333,0.000467631678177972,0.003166247535696557,0.6278869779630514,16,10,1.0,none,0.002309375
160,3,cool,10,0.34556562499999993,0.03347317591534115,0.17927256093749996,0.3623411458333333,0.0007879275830511412,0.004330001282856204,0.9967784056578415,16,10,1.0,none,0.006551562499999999
160,3,cool,7.94,0.4190703125,0.03409695702005303,0.18601639648437499,0.24890625,0.0009223644241923174,0.0052353264626142666,1.643307876950551,16,10,1.0,none,0.011934375
160,3,cool,6.31,0.5126734374999999,0.033488267498612015,0.17943424960937499,0.14279270833333332,0.0013547473822693376,0.007374045455617026,3.5145037923922264,16,10,1.0,none,0.02288125
160,3,cool,6.03,0.5309390625,0.03232390691881311,0.167173593359375,0.12670104166666665,0.0011354182127875556,0.006124944876955338,3.1829629646538025,16,10,1.0,none,0.0261453125
160,3,cool,5.89,0.541409375,0.03282603872475896,0.17240781093750002,0.11806770833333333,0.0016833773737290152,0.008810033451125694,4.583067971282556,16,10,1.0,none,0.027423437499999998
160,3,cool,5.75,0.55398125,0.03387807354598989,0.18363581875,0.10901822916666666,0.0016162904870309657,0.00969512973482338,5.116166205289527,16,10,1.0,none,0.030484375
160,3,cool,5.62,0.56245625,0.03268125597628555,0.17089031875,0.10244322916666666,0.0016277073947727997,0.0058240333722564055,4.329793685328532,16,10,1.0,none,0.0316078125
160,3,cool,5.01,0.6174671875,0.033125072191843505,0.17556326523437502,0.06839322916666667,0.0016257094614105915,0.012123706514175448,7.4259423458380915,16,10,1.0,none,0.0441375
160,3,cool,3.98,0.7295109375,0.03080928414854999,0.15187391835937503,0.025929166666666666,0.003365372220978299,0.01749071773496755,27.084796160090164,16,10,1.0,none,0.0803546875
160,3,cool,2.0,0.9856687500000001,0.012468947366859011,0.024875943750000042,0.0010526041666666667,0.0024605960330559497,0.007527109506437398,167.16207177179814,16,10,1.0,none,0.1966875
160,3,cool,0.562,0.9948250000000003,0.003089902911096077,0.0015276000000000016,0.00032239583333333333,0.0005694192801370324,0.0005681526999952417,136.36290829209753,16,10,1.0,none,0.17408125000000002
160,3,cool,0.316,0.9940156250000002,0.0013720671847161847,0.0003012109374999995,0.00028333333333333335,0.00014219327254765077,0.00016357171956330529,20.738577321061115,16,10,1.0,none,0.1698125
160,3,cool,0.178,1.0015796874999998,0.00533585834494731,0.004555421484375015,0.0002578125,0.0010617573135196267,0.0008363867033942077,128.37074920149357,16,10,1.0,none,0.1974984375
160,3,cool,0.1,1.0016984375,0.0030929729927036075,0.0015306371093750256,0.00020260416666666666,0.0005278312023403335,0.00039722608071982474,72.37198578538776,16,10,1.0,none,0.1938203125
160,3,heat,0.1,1.0,0.0,0.0,0.0,0.0,0.0,nan,16,10,1.0,none,0.0
160,3,heat,0.178,1.0,0.0,0.0,0.0,0.0,0.0,nan,16,10,1.0,none,0.0
160,3,heat,0.316,1.0,0.0,0.0,0.0,0.0,0.0,nan,16,10,1.0,none,0.0
160,3,heat,0.562,1.0,0.0,0.0,0.0,0.0,0.0,nan,16,10,1.0,none,0.0
160,3,heat,2.0,1.0,0.0,0.0,0.0,0.0,0.0,nan,16,10,1.0,none,0.0
160,3,heat,3.98,0.7292124999999999,0.026474651791855545,0.11214515000000001,0.017880208333333335,0.002593448128237278,0.01007765628374859,18.298566217643078,16,10,1.0,none,0.0819765625
160,3,heat,5.01,0.6184343750000001,0.033055912475824574,0.1748309359375,0.06793385416666667,0.00179747585529029,0.010996215816159043,8.409526538044268,16,10,1.0,none,0.0445625
160,3,heat,5.62,0.5618609375,0.03258390307722655,0.169873718359375,0.10204635416666667,0.0015900407002824365,0.00857075970171938,4.579125410587039,16,10,1.0,none,0.031148437499999997
160,3,heat,5.75,0.55153125,0.03264658948018154,0.17052796874999998,0.11116875,0.0019762075066860844,0.008489700412430579,5.372921786229101,16,10,1.0,none,0.0296515625
160,3,heat,5.89,0.5417015624999999,0.03325054624639411,0.17689581210937497,0.1175359375,0.0015502557235465,0.007814859281251663,4.173729450512064,16,10,1.0,none,0.028065625
160,3,heat,6.03,0.5324640625,0.03294557357022478,0.17366573085937503,0.12635885416666667,0.0010583512461671992,0.006895577061806036,3.563320329293974,16,10,1.0,none,0.0262765625
160,3,heat,6.31,0.5111328125,0.03300857987273678,0.174330615234375,0.14469322916666666,0.0009385808967771067,0.0065763674754022216,3.240893283187226,16,10,1.0,none,0.02274375
160,3,heat,7.94,0.41775625,0.03348869853678253,0.17943886875000006,0.24903489583333333,0.000837053162770851,0.004984361383759138,1.577730199846598,16,10,1.0,none,0.011909375
160,3,heat,10,0.34558281250000006,0.03291694949360958,0.173364090234375,0.36247708333333334,0.0006994193121294875,0.004245969981579576,0.9620644980830838,16,10,1.0,none,0.0064359375
160,3,heat,15.85,0.248528125,0.030973489010513087,0.1534971234375,0.5595630208333333,0.0004698505455527864,0.002514958232823696,0.5877691693607049,16,10,1.0,none,0.0022546875
160,3,heat,25.1,0.19490937500000002,0.029751306267278,0.1416224359375,0.6936541666666667,0.0005299453492884161,0.002975260886761979,0.5397701914651932,16,10,1.0,none,0.0011796875
160,3,heat,31.6,0.1771546875,0.028270731771610436,0.12787748398437498,0.7398213541666666,0.0004427097367085592,0.002770778307503656,0.5175082981802414,16,10,1.0,none,0.0008500000000000001
160,3,heat,39.8,0.164734375,0.02717973578071308,0.1181980859375,0.776359375,0.00047389356675040737,0.0028104178253679207,0.5144534086332179,16,10,1.0,none,0.0005828125
160,3,heat,63.1,0.14675468749999998,0.026658011692591473,0.11370393398437498,0.8263119791666667,0.0003491577536075878,0.0021658305281857834,0.5127239825894295,16,10,1.0,none,0.00045624999999999995
160,3,heat,79.4,0.142059375,0.02615408798561661,0.10944581093750001,0.8426541666666667,0.0004812188463942368,0.0015034284683830951,0.49241292741575543,16,10,1.0,none,0.0004203125
160,3,heat,100,0.1366359375,0.02587427304043717,0.107116480859375,0.8569744791666667,0.0002779992657504915,0.0021853993297598746,0.5140600849375438,16,10,1.0,none,0.0003703125
160,3,heat,177.8,0.12943125,0.025052537764416204,0.10042074375,0.8783364583333333,0.000356274776811097,0.0018195845103774078,0.4720196774879783,16,10,1.0,none,0.00028125
