N,replica,leg,g,phi,phi_sd,chi,acceptance,phi_err,chi_err,tau_int,lx,ly,lam,cap,surplus,pieces,largest_frac,baby_frac,cube_frac,swap_rate,round_trips
64,0,temper,8.0,0.6218046875,0.05039584456978912,0.16254343359375,0.14233684895833326,0.0004501713458615134,0.0020368906100389204,1.8059364449209778,16,4,1.25,none,0.048595703125,1.0,1.0,0.0,0.0,0.35833333333333334,9
64,0,temper,6.5,0.685251171875,0.047956433156028024,0.14718844678710938,0.08831184895833345,0.0006459927309266218,0.001686870550529924,2.826012872696739,16,4,1.25,none,0.066104296875,1.0,1.0,0.0,0.0,0.3448333333333333,9
64,0,temper,5.4,0.745125390625,0.04471043063166902,0.12793744686523437,0.051904557291666646,0.0005772542854075347,0.002555164947127948,4.711731467851654,16,4,1.25,none,0.085371484375,1.0,1.0,0.0,0.0,0.32216666666666666,9
64,0,temper,4.5,0.803373828125,0.041919960105745974,0.11246611553710939,0.028161197916666686,0.0009190710412980266,0.0015639451323722145,9.253948660587842,16,4,1.25,none,0.10413125,1.0,1.0,0.0,0.0,0.308,9
64,0,temper,3.8,0.85608046875,0.0379513600785469,0.0921795668359375,0.014218619791666639,0.0007835361401628407,0.002559277447818522,16.197019287224784,16,4,1.25,none,0.114975,1.0,1.0,0.0,0.0,0.33466666666666667,9
64,0,temper,3.3,0.9010328125,0.036325388976270356,0.08445016859375,0.0069683593750000175,0.0016498365313457458,0.003450579978001116,40.58256856865596,16,4,1.25,none,0.1133734375,1.00225,0.99923203125,0.0,0.0,0.2875,9
64,0,temper,2.9,0.945617578125,0.030027732845448827,0.05770654334960936,0.0029707031249998263,0.002881303258959871,0.004278135845709571,207.38132021523984,16,4,1.25,none,0.08449140625,1.0281,0.99101015625,0.0,0.0,0.44516666666666665,9
64,0,temper,2.6,0.96684765625,0.020619240066333335,0.0272097958984375,0.00157760416666666,0.0016282854440969159,0.0023998385118673823,97.54665862337545,16,4,1.25,none,0.05772421875,1.082675,0.9739140625,0.0,0.0,0.6041666666666666,9
64,0,temper,2.35,0.975667578125,0.01545508846202106,0.015287024599609376,0.0011170572916667505,0.0008489743740496342,0.001332752403756597,7.338983046734868,16,4,1.25,none,0.037294921875,1.125575,0.959996875,0.0,0.0,0.7761666666666667,9
64,0,temper,2.15,0.978690234375,0.013963246690802013,0.012478224521484376,0.0009682291666667327,0.0005442032999232373,0.0010321061936944557,3.7762610940307284,16,4,1.25,none,0.032101953125,1.1637,0.9472421875,0.0,0.0,0.8305,9
64,0,temper,2.0,0.980619140625,0.013650607202459883,0.011925700927734375,0.000917187500000056,0.0005859134341641112,0.0008649139867897548,3.175017324871551,16,4,1.25,none,0.030613671875,1.202375,0.93378125,0.0,0.0,0.8281666666666667,9
64,0,temper,1.85,0.98301015625,0.013679863536667166,0.011976874648437498,0.0009080729166667155,0.000656894844098819,0.000775601996672224,3.530505893924481,16,4,1.25,none,0.030623046875,1.273975,0.90854453125,0.0,0.0,0.7916666666666666,9
64,0,temper,1.7,0.9863828125,0.013361775643223611,0.01142637109375,0.0009613281250000461,0.0009052733930821885,0.000789643454008163,6.7089221843246145,16,4,1.25,none,0.0309671875,1.39345,0.86583984375,0.0,0.0,0.756,9
64,0,temper,1.55,0.989658984375,0.012259031561582702,0.009618166708984374,0.0009451822916667072,0.0010599259543943775,0.0008681028012318936,27.99383337147364,16,4,1.25,none,0.02894609375,1.51105,0.8194609375,0.0,0.0,0.6541666666666667,9
64,0,temper,1.4,0.992304296875,0.01005835177955316,0.006474908193359374,0.0007095052083333498,0.0012770117650717666,0.0006347447224932457,2727.543846995254,16,4,1.25,none,0.01881953125,1.5921,0.7614609375,0.0,0.0,,9
64,1,temper,8.0,0.621792578125,0.05017422568840895,0.16111698709960937,0.14167252604166686,0.0004284550000379221,0.0014924565245179177,1.6806170719562916,16,4,1.25,none,0.048331640625,1.0,1.0,0.0,0.0,0.36766666666666664,8
64,1,temper,6.5,0.68531484375,0.04718877268953216,0.1425139371484375,0.0881717447916666,0.0006888992850966792,0.0015027745267383694,2.758235310221692,16,4,1.25,none,0.0657109375,1.0,1.0,0.0,0.0,0.3605,8
64,1,temper,5.4,0.74472265625,0.045403262917650934,0.1319332021484375,0.05221380208333343,0.0005584971366974213,0.001873248689607576,4.783346130259184,16,4,1.25,none,0.084253125,1.0,1.0,0.0,0.0,0.31083333333333335,8
64,1,temper,4.5,0.80226875,0.04176111776558729,0.11161542125000001,0.027993489583333264,0.0009943731182374725,0.0021476105346405336,8.664128547061436,16,4,1.25,none,0.102847265625,1.0,1.0,0.0,0.0,0.3001666666666667,8
64,1,temper,3.8,0.85905546875,0.038471725735015755,0.09472471558593751,0.013751302083333413,0.0012095669398961924,0.002385919677672759,18.34771270106376,16,4,1.25,none,0.117041015625,1.0,1.0,0.0,0.0,0.3556666666666667,8
64,1,temper,3.3,0.901537890625,0.034724703863980785,0.07717152374023438,0.006959244791666676,0.00203657021822634,0.0029034962233391447,42.89214675895548,16,4,1.25,none,0.11454765625,1.001,0.99971640625,0.0,0.0,0.3335,8
64,1,temper,2.9,0.938999609375,0.030145981895715174,0.058161934365234376,0.0032951822916665184,0.0024215270785297033,0.0032983168304828994,118.33392896069837,16,4,1.25,none,0.09728046875,1.0167,0.9948171875,0.0,0.0,0.411,8
64,1,temper,2.6,0.962528125,0.023297167167852725,0.034736511874999994,0.0016815104166666508,0.0019800059969144984,0.0034380328909466343,163.7946816317239,16,4,1.25,none,0.070812109375,1.054525,0.9836453125,0.0,0.0,0.5631666666666667,8
64,1,temper,2.35,0.974784765625,0.016501991840704968,0.017428207021484374,0.0010734375000000741,0.0010556499983452607,0.001728277538207184,12.167543415273657,16,4,1.25,none,0.04478828125,1.0966,0.971353125,0.0,0.0,0.7765,8
64,1,temper,2.15,0.978241015625,0.013867219360658822,0.012307185458984377,0.0009018229166667259,0.0006328419467955826,0.000879366557717412,5.4801315114717495,16,4,1.25,none,0.0347546875,1.110075,0.9665375,0.0,0.0,0.8573333333333333,8
64,1,temper,2.0,0.980413671875,0.013358233452461407,0.011420313662109376,0.0008139322916667108,0.0006126876042106549,0.0007630488369248535,3.853795286772918,16,4,1.25,none,0.033083203125,1.130375,0.95872265625,0.0,0.0,0.8663333333333333,8
64,1,temper,1.85,0.98285,0.013443169588819075,0.01156600375,0.0007233072916667004,0.0006937721502283699,0.0007477132130689094,3.983953980142037,16,4,1.25,none,0.034408984375,1.160775,0.94740078125,0.0,0.0,0.8146666666666667,8
64,1,temper,1.7,0.98670859375,0.013668924480732232,0.0119577277734375,0.000614713541666684,0.0007682103892876449,0.0006354761320583077,4.97270667525584,16,4,1.25,none,0.03791328125,1.219175,0.92440625,0.0,0.0,0.7533333333333333,8
64,1,temper,1.55,0.992230859375,0.012287672257016363,0.009663160927734372,0.00045885416666666817,0.0006928410984702702,0.0005602104016798553,6.354667666745799,16,4,1.25,none,0.042684765625,1.3224,0.8834140625,0.0,0.0,0.7556666666666667,8
64,1,temper,1.4,0.99691171875,0.008604885931239788,0.004738819960937501,0.0002878906249999936,0.0003800175143572529,0.0004497275636319188,6.975433726118691,16,4,1.25,none,0.045810546875,1.4355,0.8388359375,0.0,0.0,,8
64,2,temper,8.0,0.62239765625,0.05020055261436956,0.16128611089843753,0.14165638020833332,0.00048331036680292953,0.0016178391822863592,1.691913083570074,16,4,1.25,none,0.048571875,1.0,1.0,0.0,0.0,0.3631666666666667,6
64,2,temper,6.5,0.68480078125,0.04806778619514475,0.1478727724609375,0.08826119791666694,0.000606328140300864,0.0016770830853713597,2.8450458725895866,16,4,1.25,none,0.0657984375,1.0,1.0,0.0,0.0,0.35683333333333334,6
64,2,temper,5.4,0.7431859375,0.04464791950705647,0.12757994984374998,0.052211458333333224,0.0005859360417669356,0.002128199601489402,4.424373788340142,16,4,1.25,none,0.083286328125,1.0,1.0,0.0,0.0,0.3225,6
64,2,temper,4.5,0.802813671875,0.04236268025413653,0.11485418741210937,0.028210416666666793,0.00076577566594864,0.002151602784993856,8.240858466204076,16,4,1.25,none,0.102719921875,1.0,1.0,0.0,0.0,0.2905,6
64,2,temper,3.8,0.85955859375,0.038949091427432046,0.09709003027343749,0.013863020833333288,0.0010853946204768274,0.002610326325309513,16.878086085828944,16,4,1.25,none,0.117183203125,1.000375,0.9998671875,0.0,0.0,0.344,6
64,2,temper,3.3,0.9027703125,0.0349392773684194,0.07812819859375,0.006733854166666649,0.0015726936239853953,0.0032617168042635863,33.87532302857992,16,4,1.25,none,0.1178921875,1.002,0.99919140625,0.0,0.0,0.35,6
64,2,temper,2.9,0.940082421875,0.03053641994344862,0.05967826834960938,0.003113151041666542,0.0023250785384862573,0.0033206688950679695,104.99463111775339,16,4,1.25,none,0.10214609375,1.012175,0.99533359375,0.0,0.0,0.42916666666666664,6
64,2,temper,2.6,0.964944140625,0.022651110512833573,0.03283665967773437,0.0016967447916666576,0.0018414946385076265,0.0018469725458825376,61.56884360176613,16,4,1.25,none,0.07139921875,1.024575,0.99184453125,0.0,0.0,0.6203333333333333,6
64,2,temper,2.35,0.974380859375,0.017915034244897484,0.020540700927734374,0.0011238281250000835,0.001100519079159354,0.0012475830258049556,14.977342977305478,16,4,1.25,none,0.052773046875,1.03435,0.9890140625,0.0,0.0,0.7186666666666667,6
64,2,temper,2.15,0.978295703125,0.0159527779435116,0.016287431943359375,0.0008359375000000547,0.0009423661528835096,0.0013475887921104213,6.1344532270779535,16,4,1.25,none,0.0425765625,1.046425,0.9859921875,0.0,0.0,0.8198333333333333,6
64,2,temper,2.0,0.98029453125,0.0152453940718262,0.0148750105859375,0.0006971354166667029,0.0009629714378394631,0.001619079584318162,4.34726031674527,16,4,1.25,none,0.038591015625,1.05845,0.9826546875,0.0,0.0,0.8278333333333333,6
64,2,temper,1.85,0.9820625,0.015049933165341632,0.01449603125,0.0006234375000000277,0.001095544682972598,0.0016749058086687613,5.704503334437205,16,4,1.25,none,0.036892578125,1.082,0.97547890625,0.0,0.0,0.8036666666666666,6
64,2,temper,1.7,0.98520390625,0.01510369187247644,0.014599776523437498,0.0005332031250000173,0.0008313157903211664,0.001244133255189491,4.696539850155718,16,4,1.25,none,0.038286328125,1.121875,0.96182578125,0.0,0.0,0.6953333333333334,6
64,2,temper,1.55,0.991772265625,0.013684982728846183,0.011985840146484373,0.0004365885416666711,0.0004682954617169815,0.0009013574592608447,5.111845339010804,16,4,1.25,none,0.03786484375,1.27165,0.90304296875,0.0,0.0,0.448,6
64,2,temper,1.4,0.998790234375,0.00586052841512123,0.002198130771484375,0.00012864583333333326,0.00011104453642216739,0.00016246089894466262,5.4222563788521105,16,4,1.25,none,0.009741015625,1.8095,0.673546875,0.0,0.0,,6
64,3,temper,8.0,0.621984375,0.050171826339123086,0.161101578125,0.14155481770833328,0.0004257730516154508,0.0014174581062694194,1.7305926906387843,16,4,1.25,none,0.04835703125,1.0,1.0,0.0,0.0,0.3601666666666667,7
64,3,temper,6.5,0.685329296875,0.04854945440015253,0.15085116944335936,0.0875766927083333,0.0004926262307218212,0.001344568757817482,2.8062897467380212,16,4,1.25,none,0.06547421875,1.0,1.0,0.0,0.0,0.36583333333333334,7
64,3,temper,5.4,0.744714453125,0.04601222935363546,0.1354960160058594,0.05213802083333343,0.0008590874420942649,0.002771543222218992,5.262160131003045,16,4,1.25,none,0.084862890625,1.0,1.0,0.0,0.0,0.32133333333333336,7
64,3,temper,4.5,0.8040546875,0.04282222103938671,0.11735952734375,0.027585286458333292,0.0007799619351263062,0.0019417614467612829,8.765141481182031,16,4,1.25,none,0.103350390625,1.0,1.0,0.0,0.0,0.31316666666666665,7
64,3,temper,3.8,0.859531640625,0.036944698759754084,0.08735428905273439,0.013701432291666654,0.001342826529444944,0.0019576743768310906,17.64644912566847,16,4,1.25,none,0.116573828125,1.00015,0.9999484375,0.0,0.0,0.35083333333333333,7
64,3,temper,3.3,0.8994375,0.03411121802739533,0.0744688125,0.007002343750000011,0.0016278205053098839,0.0022014222045413103,33.05392285779524,16,4,1.25,none,0.115341796875,1.002375,0.9991953125,0.0,0.0,0.30966666666666665,7
64,3,temper,2.9,0.9403046875,0.03093426336446924,0.06124343359375,0.003100911458333201,0.002315915982816062,0.0030050114889233173,89.9063193574301,16,4,1.25,none,0.099974609375,1.018025,0.9933265625,0.0,0.0,0.42716666666666664,7
64,3,temper,2.6,0.965052734375,0.02308026505699877,0.03409271264648438,0.001473958333333381,0.0018171241721719712,0.002030906768819199,92.37227324691193,16,4,1.25,none,0.068329296875,1.0506,0.9797234375,0.0,0.0,0.5743333333333334,7
64,3,temper,2.35,0.97624765625,0.014545473360743057,0.013540530898437498,0.000890885416666731,0.0008252448272260076,0.0005846796420482036,10.161245153581628,16,4,1.25,none,0.03953515625,1.0893,0.96317109375,0.0,0.0,0.762,7
64,3,temper,2.15,0.97965546875,0.012216669794752718,0.0095518093359375,0.0006455729166666968,0.0006291398953117852,0.00036994360222318583,5.732485118320027,16,4,1.25,none,0.033598828125,1.0988,0.9588265625,0.0,0.0,0.8438333333333333,7
64,3,temper,2.0,0.981680859375,0.011642403590790417,0.008674915927734374,0.0005377604166666825,0.0005795040865626178,0.0003222240469065112,4.732633456167714,16,4,1.25,none,0.031718359375,1.120375,0.94869921875,0.0,0.0,0.8301666666666667,7
64,3,temper,1.85,0.984077734375,0.011342534471021825,0.008233797646484374,0.000439453125000004,0.0006035013782926051,0.0002894041889895152,4.391724354129024,16,4,1.25,none,0.0309609375,1.1552,0.9324890625,0.0,0.0,0.7838333333333334,7
64,3,temper,1.7,0.986969140625,0.010739965103916753,0.007382198427734374,0.00035468749999999243,0.0005756803592598905,0.00030382803737525054,4.042681751318523,16,4,1.25,none,0.0301375,1.219325,0.9018421875,0.0,0.0,0.7353333333333333,7
64,3,temper,1.55,0.989898828125,0.0097383378066323,0.0060694542871093755,0.0002606770833333255,0.0004505986413189373,0.00022550375284928243,3.761962493883631,16,4,1.25,none,0.02910078125,1.289075,0.8676625,0.0,0.0,0.7801666666666667,7
64,3,temper,1.4,0.99204140625,0.008785677507879569,0.004940040273437501,0.00019557291666666207,0.0004129127893434599,0.00015825828164763516,4.256541041890544,16,4,1.25,none,0.028474609375,1.3326,0.845909375,0.0,0.0,,7
