N,replica,leg,g,phi,phi_sd,chi,acceptance,phi_err,chi_err,tau_int,lx,ly,lam,cap,surplus,pieces,largest_frac,baby_frac,cube_frac
36,0,cool,100,0.5248819444444445,0.07119126308353443,0.18245505381944443,0.40875925925925927,0.0011816094788276044,0.004085699249908684,0.49901264013621427,6,6,0.0,none,0.03522916666666667,1.0,1.0,0.0,0.0
36,0,cool,30,0.5952152777777778,0.07280629179277157,0.19082722048611106,0.30717824074074074,0.0012073077684830475,0.004128852348934233,0.5489099160410829,6,6,0.0,none,0.057986111111111106,1.0,1.0,0.0,0.0
36,0,cool,20,0.6403819444444445,0.07185999407229997,0.1858989149305555,0.24426157407407406,0.0015288426755244067,0.0033403964775368888,0.7356274211650895,6,6,0.0,none,0.07822916666666667,1.0,1.0,0.0,0.0
36,0,cool,15,0.6950069444444446,0.07098752247287139,0.18141222048611114,0.18736805555555555,0.0014309134447147553,0.0037585054444951786,1.0684565795770986,6,6,0.0,none,0.10888888888888888,1.0,1.0,0.0,0.0
36,0,cool,12,0.7435208333333333,0.07311069126388653,0.19242623437500006,0.14264351851851853,0.0019674835616577666,0.006802271319281,2.0169454991913778,6,6,0.0,none,0.1452013888888889,1.0,1.0,0.0,0.0
36,0,cool,10,0.7972222222222223,0.07565047142721912,0.20602777777777784,0.10315972222222222,0.002956077792305023,0.007642916461385108,2.878712839673899,6,6,0.0,none,0.1956111111111111,1.0,1.0,0.0,0.0
36,0,cool,9,0.8265972222222222,0.07425916906224317,0.1985192708333333,0.08398379629629629,0.003964323543871495,0.011394830597616156,4.346283509692335,6,6,0.0,none,0.2281597222222222,1.0,1.0,0.0,0.0
36,0,cool,8,0.9506180555555556,0.15774832211718462,0.8958431927083332,0.05129398148148148,0.03067627040210374,0.27120680533830116,162.53920845982955,6,6,0.0,none,0.45073611111111117,1.13625,0.9394444444444444,0.04188888888888889,0.04188888888888889
36,0,cool,7.5,1.2747430555555557,0.1264035841197468,0.5752031788194446,0.018094907407407407,0.023672742786770846,0.24983506092126914,160.04706233602266,6,6,0.0,none,1.2111458333333334,1.8695,0.6135555555555556,0.3065555555555555,0.3065555555555555
36,0,cool,7,1.2348402777777778,0.15087299186400766,0.8194557482638891,0.01556712962962963,0.028436805434388573,0.1788992641311109,148.7777700267768,6,6,0.0,none,1.1050694444444444,1.697,0.6902222222222222,0.2728888888888889,0.2728888888888889
36,0,cool,6.5,1.3329930555555551,0.04193064469001607,0.06329444270833341,0.006578703703703704,0.005236454900941181,0.010157364014736225,41.857314203823016,6,6,0.0,none,1.3630208333333333,2.0,0.5555555555555556,0.39088888888888884,0.39088888888888884
36,0,cool,6,1.3457291666666664,0.03034156046219221,0.033141970486111165,0.004215277777777778,0.0028346630546318406,0.0067989760771479295,26.33222719831339,6,6,0.0,none,1.399076388888889,1.9985,0.5562222222222223,0.41255555555555556,0.41255555555555556
36,0,cool,5.5,1.3533958333333334,0.020927655691986773,0.015766803819444473,0.004594907407407408,0.0013650666280148114,0.0028164862497581005,10.248266941420738,6,6,0.0,none,1.4233819444444444,2.0,0.5555555555555556,0.42877777777777776,0.42877777777777776
36,0,cool,5,1.3570833333333332,0.015060961514073242,0.008165972222222232,0.004263888888888889,0.0012115304366938171,0.002226014957785321,8.519927885528167,6,6,0.0,none,1.4336527777777777,2.0,0.5555555555555556,0.4352222222222222,0.4352222222222222
36,0,cool,4.5,1.3599583333333332,0.007919236912203411,0.0022577152777777804,0.003976851851851852,0.000528152553339258,0.0010060888361350592,8.431984845361658,6,6,0.0,none,1.441138888888889,2.0,0.5555555555555556,0.4404444444444444,0.4404444444444444
36,0,cool,4,1.3604583333333333,0.0059865944635999,0.001290215277777779,0.0038888888888888888,0.0004063438789914628,0.0007901420430532658,9.32919205922759,6,6,0.0,none,1.443138888888889,2.0,0.5555555555555556,0.4444444444444444,0.4444444444444444
36,0,cool,3.5,1.3609444444444443,0.003038335314194517,0.00033233333333333373,0.003895833333333333,0.00015652156400958325,0.00031029978585232727,5.931560903568476,6,6,0.0,none,1.4437777777777778,2.0,0.5555555555555556,0.4431111111111111,0.4431111111111111
36,0,cool,3,1.3611111111111112,0.0,0.0,0.003909722222222222,0.0,0.0,nan,6,6,0.0,none,1.4444444444444444,2.0,0.5555555555555556,0.4444444444444444,0.4444444444444444
36,0,heat,3.5,1.3611111111111112,0.0,0.0,0.0038935185185185184,0.0,0.0,nan,6,6,0.0,none,1.4444444444444444,2.0,0.5555555555555556,0.4444444444444444,0.4444444444444444
36,0,heat,4,1.3609444444444443,0.0030383353141945164,0.0003323333333333337,0.0038287037037037035,0.00013504450569542408,0.0002679751597673395,4.1981553401554645,6,6,0.0,none,1.4437777777777778,2.0,0.5555555555555556,0.4431111111111111,0.4431111111111111
36,0,heat,4.5,1.3591805555555554,0.01152592856654022,0.004782493055555564,0.0037916666666666667,0.0007145479507491089,0.001983454150513383,9.586380389891241,6,6,0.0,none,1.439111111111111,2.0,0.5555555555555556,0.44222222222222224,0.44222222222222224
36,0,heat,5,1.3550625,0.02104219265019162,0.015939859375000018,0.004099537037037037,0.001878426775995737,0.005589267713670201,16.59995155054887,6,6,0.0,none,1.4267083333333332,2.0,0.5555555555555556,0.4278888888888889,0.4278888888888889
36,0,heat,5.5,1.3526805555555554,0.022045963314330154,0.017496881944444476,0.004425925925925926,0.0016531190961760647,0.003144397301764491,11.533028658820273,6,6,0.0,none,1.419361111111111,2.0,0.5555555555555556,0.4195555555555555,0.4195555555555555
36,0,heat,6,1.3415,0.03382238465430411,0.04118233333333341,0.004497685185185185,0.004628281290864749,0.009507198374048021,71.95126442154678,6,6,0.0,none,1.386840277777778,2.0,0.5555555555555556,0.42477777777777775,0.42477777777777775
36,0,heat,6.5,1.2132291666666668,0.08299438446671713,0.24797044270833327,0.00942824074074074,0.01577377468335913,0.07818123429522485,88.89670006155255,6,6,0.0,none,1.0391458333333334,1.754,0.7040277777777777,0.29475,0.020777777777777777
36,0,heat,7,1.1095555555555556,0.17604047829973654,1.1156490000000003,0.01958101851851852,0.03327444287550074,0.12980280819745382,276.9238212878386,6,6,0.0,none,0.7984166666666667,1.349,0.8463194444444445,0.12879166666666667,0.11877777777777777
36,0,heat,7.5,1.0414652777777778,0.15982592632757067,0.9195957621527778,0.03519907407407408,0.030470670480073264,0.06736370878252944,268.24305077536195,6,6,0.0,none,0.6494444444444444,1.3685,0.8566944444444444,0.14330555555555555,0.0
36,0,heat,8,0.8993541666666667,0.1040992724114319,0.39011970659722217,0.05862731481481481,0.010807323486084349,0.07135800285243302,23.879966706302294,6,6,0.0,none,0.33531249999999996,1.0075,0.9966666666666667,0.0026666666666666666,0.0026666666666666666
36,0,heat,9,0.8438958333333334,0.08327850018912443,0.24967110937499992,0.08048148148148149,0.0054506854017952735,0.022523022596408565,7.727523779043605,6,6,0.0,none,0.2548888888888889,1.0,1.0,0.0,0.0
36,0,heat,10,0.7937013888888889,0.0711546873727095,0.1822676232638889,0.10276157407407407,0.002164366365939648,0.0062892568883192775,2.7114562355240337,6,6,0.0,none,0.1912083333333333,1.0,1.0,0.0,0.0
36,0,heat,12,0.7414652777777778,0.07136157842014287,0.1833290954861112,0.14352546296296295,0.0011312014339721669,0.005770123783126096,1.7880078031347155,6,6,0.0,none,0.14275000000000002,1.0,1.0,0.0,0.0
36,0,heat,15,0.6907013888888889,0.0715276021437973,0.18418312326388886,0.1891875,0.001550217627095635,0.0047033070193926736,1.1147420874314664,6,6,0.0,none,0.10594444444444445,1.0,1.0,0.0,0.0
36,0,heat,20,0.6424513888888889,0.07126395216166878,0.18282783159722218,0.2437638888888889,0.001452773888551731,0.004410695367832388,0.6860382775801535,6,6,0.0,none,0.08042361111111111,1.0,1.0,0.0,0.0
36,0,heat,30,0.5920625,0.07104813258019323,0.18172213715277774,0.30827777777777776,0.0011744052121949006,0.004010704743306416,0.5377515673078143,6,6,0.0,none,0.056652777777777774,1.0,1.0,0.0,0.0
36,0,heat,100,0.5258680555555556,0.07088790619692874,0.18090342881944446,0.4101875,0.0013963001704128937,0.00335853333588451,0.5164473034872564,6,6,0.0,none,0.035840277777777776,1.0,1.0,0.0,0.0
36,1,cool,100,0.5269722222222222,0.07175145178554461,0.18533775000000002,0.40927314814814814,0.001305987707436527,0.0035810393655866433,0.4741446700565474,6,6,0.0,none,0.03570138888888889,1.0,1.0,0.0,0.0
36,1,cool,30,0.59375,0.07219216789194151,0.1876215277777777,0.3069837962962963,0.0010899277338818742,0.0037815623691409323,0.552644800560787,6,6,0.0,none,0.057291666666666664,1.0,1.0,0.0,0.0
36,1,cool,20,0.6435416666666667,0.07180941720757353,0.18563732638888886,0.24432407407407408,0.0009918765923151533,0.0034365511652768286,0.7242234462254198,6,6,0.0,none,0.0804861111111111,1.0,1.0,0.0,0.0
36,1,cool,15,0.6930625,0.07128275150168682,0.18292430381944444,0.18811111111111112,0.0014288538996790675,0.004090519235891878,1.1688364014633503,6,6,0.0,none,0.10856944444444444,1.0,1.0,0.0,0.0
36,1,cool,12,0.7424027777777779,0.07248189296023365,0.18913049305555563,0.14130555555555555,0.0017359457101210447,0.005661533969866465,1.7017731549937436,6,6,0.0,none,0.14365277777777777,1.0,1.0,0.0,0.0
36,1,cool,10,0.7979027777777778,0.07742279981087971,0.21579443750000002,0.10259953703703703,0.0036763468948562876,0.012111039741012946,3.6883559569032363,6,6,0.0,none,0.1954236111111111,1.0,1.0,0.0,0.0
36,1,cool,9,0.8372222222222223,0.08003134031177264,0.23058055555555554,0.08206712962962963,0.0046799826854128255,0.021675887164163906,6.582182450782152,6,6,0.0,none,0.24110416666666667,1.0,1.0,0.0,0.0
36,1,cool,8,0.9172291666666668,0.12775162757020522,0.587537220486111,0.055532407407407405,0.019912475197220916,0.1514766865297055,81.98405977494723,6,6,0.0,none,0.3786805555555556,1.0765,0.9702500000000001,0.02975,0.0
36,1,cool,7.5,0.9499583333333333,0.11866378530495829,0.5069193819444444,0.04284259259259259,0.01875457618088281,0.10250606974925358,86.90675910487857,6,6,0.0,none,0.4188472222222222,1.09125,0.9543750000000001,0.0,0.0
36,1,cool,7,1.3289583333333332,0.04273802039572822,0.06575538194444452,0.010481481481481482,0.005684403299191799,0.009439967187157044,49.03301232059719,6,6,0.0,none,1.3533194444444443,2.0,0.5555555555555556,0.4082222222222222,0.4082222222222222
36,1,cool,6.5,1.3338263888888886,0.03807111338005385,0.05217874826388896,0.005284722222222222,0.004056431814107066,0.007195887636088907,25.396455163045264,6,6,0.0,none,1.3614652777777776,2.0,0.5555555555555556,0.3961111111111111,0.3961111111111111
36,1,cool,6,1.3482916666666664,0.027449697962088355,0.027125493055555595,0.004861111111111111,0.002309200574319661,0.004481711791526424,14.58118948054139,6,6,0.0,none,1.4080625,2.0,0.5555555555555556,0.41777777777777775,0.41777777777777775
36,1,cool,5.5,1.3560625,0.016344500564051262,0.009617137152777792,0.004497685185185185,0.000909553641186696,0.001603967883488025,8.070804419254442,6,6,0.0,none,1.4302152777777777,2.0,0.5555555555555556,0.4308888888888889,0.4308888888888889
36,1,cool,5,1.3562222222222222,0.01672499054235833,0.010070111111111122,0.00400462962962963,0.0008853098632752006,0.0018240820404790807,10.79670215273424,6,6,0.0,none,1.4288680555555555,2.0,0.5555555555555556,0.4265555555555556,0.4265555555555556
36,1,cool,4.5,1.3598263888888886,0.008384607880250312,0.0025308593750000027,0.004083333333333333,0.00035410811062773934,0.0006787087939592678,5.547108402177801,6,6,0.0,none,1.4408888888888889,2.0,0.5555555555555556,0.44122222222222224,0.44122222222222224
36,1,cool,4,1.3601388888888888,0.007284718912190756,0.0019104166666666683,0.00394212962962963,0.0003719869944958962,0.0007150445816343982,7.276154596207754,6,6,0.0,none,1.4420555555555556,2.0,0.5555555555555556,0.44266666666666665,0.44266666666666665
36,1,cool,3.5,1.3610833333333334,0.0012419493836726759,5.5527777777777823e-05,0.003907407407407407,2.9191788123160848e-05,5.828954298156751e-05,0.9978702129232567,6,6,0.0,none,1.4443333333333335,2.0,0.5555555555555556,0.44422222222222224,0.44422222222222224
36,1,cool,3,1.3611111111111112,0.0,0.0,0.003787037037037037,0.0,0.0,nan,6,6,0.0,none,1.4444444444444444,2.0,0.5555555555555556,0.4444444444444444,0.4444444444444444
36,1,heat,3.5,1.3606875,0.005926337785890142,0.0012643732638888939,0.0037847222222222223,0.0004201538922941672,0.0012411878460522597,8.7499822767857,6,6,0.0,none,1.4432986111111112,2.0,0.5555555555555556,0.4444444444444444,0.4444444444444444
36,1,heat,4,1.360611111111111,0.005246692079565734,0.000991000000000001,0.003886574074074074,0.00040005813138548887,0.0007801817928162117,8.564096069362193,6,6,0.0,none,1.442611111111111,2.0,0.5555555555555556,0.4411111111111111,0.4411111111111111
36,1,heat,4.5,1.36025,0.006862797813367413,0.0016955277777777795,0.003944444444444445,0.00040742662370509003,0.0007873272795772482,6.505678837206592,6,6,0.0,none,1.4425833333333333,2.0,0.5555555555555556,0.4444444444444444,0.4444444444444444
36,1,heat,5,1.3540208333333332,0.022353733039182467,0.01798881770833336,0.00419212962962963,0.0031202199619756077,0.008588203704560544,57.893689334132844,6,6,0.0,none,1.424201388888889,2.0,0.5555555555555556,0.435,0.435
36,1,heat,5.5,1.3549930555555554,0.0198225137290941,0.014145553819444467,0.004171296296296296,0.00199229584030027,0.00488251692297002,21.18668394282288,6,6,0.0,none,1.4274305555555555,2.0,0.5555555555555556,0.43633333333333335,0.43633333333333335
36,1,heat,6,1.3393055555555555,0.031214794984525018,0.03507708333333341,0.003960648148148148,0.003840605714248049,0.0077932068732159705,32.487720523498446,6,6,0.0,none,1.373013888888889,2.0,0.5555555555555556,0.41833333333333333,0.41833333333333333
36,1,heat,6.5,1.3343749999999999,0.03939740691081455,0.05587760416666675,0.005578703703703704,0.003950825764013464,0.007965620148379048,29.939595197913594,6,6,0.0,none,1.3659444444444444,2.0,0.5555555555555556,0.39366666666666666,0.39366666666666666
36,1,heat,7,1.2860902777777778,0.11975959534452069,0.5163249843750002,0.010020833333333333,0.024234706986164426,0.24608963517787186,153.3368883158569,6,6,0.0,none,1.2414583333333333,1.89375,0.6027777777777777,0.34755555555555556,0.34755555555555556
36,1,heat,7.5,1.1782222222222223,0.1843824025507054,1.2238873333333333,0.024819444444444446,0.03861346849274387,0.18440558002443885,354.40308581629415,6,6,0.0,none,0.9715902777777777,1.5665,0.7482222222222222,0.21233333333333335,0.21233333333333335
36,1,heat,8,0.9063055555555556,0.1144847926447595,0.47184363888888886,0.05331944444444445,0.015978324964818023,0.08410727694354303,56.35503810369474,6,6,0.0,none,0.3459027777777778,1.0505,0.97475,0.0,0.0
36,1,heat,9,0.8405416666666667,0.08710076358434125,0.27311554861111104,0.08155787037037036,0.005615920384053786,0.025288311595456876,10.289667693377439,6,6,0.0,none,0.25030555555555556,1.0,1.0,0.0,0.0
36,1,heat,10,0.7946319444444445,0.07730812786423855,0.21515567881944447,0.10453472222222222,0.002982789111467259,0.015355407063977873,4.055534231241145,6,6,0.0,none,0.1943263888888889,1.0,1.0,0.0,0.0
36,1,heat,12,0.7406875,0.0715721676579393,0.18441270659722225,0.14247916666666666,0.0020867924809629236,0.0046712402492892265,1.720212406729301,6,6,0.0,none,0.14183333333333334,1.0,1.0,0.0,0.0
36,1,heat,15,0.6931805555555556,0.07120235980405892,0.1825119375,0.18965046296296295,0.0010559105868577453,0.004937343400377275,1.0778025505936177,6,6,0.0,none,0.10840972222222223,1.0,1.0,0.0,0.0
36,1,heat,20,0.6445,0.07144990907043086,0.18378322222222215,0.24391898148148147,0.001616487018941819,0.004378100331956553,0.7962972555783482,6,6,0.0,none,0.08081944444444444,1.0,1.0,0.0,0.0
36,1,heat,30,0.5935763888888889,0.07035389727846296,0.17818815104166663,0.3072476851851852,0.0011627316086649496,0.0044396285123477035,0.5656946458273483,6,6,0.0,none,0.05783333333333333,1.0,1.0,0.0,0.0
36,1,heat,100,0.5260416666666666,0.07197121847363881,0.18647482638888893,0.40868055555555555,0.0011894224545005298,0.0048260492627982205,0.5759632455521546,6,6,0.0,none,0.03554861111111111,1.0,1.0,0.0,0.0
36,2,cool,100,0.5256180555555555,0.07195305041567295,0.1863806927083334,0.409125,0.0010639957608781473,0.003520942819212709,0.5389226565646148,6,6,0.0,none,0.03586111111111111,1.0,1.0,0.0,0.0
36,2,cool,30,0.5953125,0.0717628200654768,0.18539648437499995,0.30621296296296296,0.0011750542963387392,0.002746512258363454,0.5699812694899816,6,6,0.0,none,0.058284722222222224,1.0,1.0,0.0,0.0
36,2,cool,20,0.6431111111111112,0.07118320997760672,0.18241377777777773,0.2433634259259259,0.001462808344289133,0.005272958302339606,0.7291183382691333,6,6,0.0,none,0.07981944444444444,1.0,1.0,0.0,0.0
36,2,cool,15,0.6943472222222222,0.07081964873257236,0.18055521527777782,0.18967824074074074,0.001396512209427561,0.004679347284350394,0.9853577974964567,6,6,0.0,none,0.10893055555555556,1.0,1.0,0.0,0.0
36,2,cool,12,0.7396527777777778,0.07145556629995256,0.18381232638888895,0.14294675925925926,0.0018659055522452636,0.004813757567376331,1.7810308911754373,6,6,0.0,none,0.14099305555555555,1.0,1.0,0.0,0.0
36,2,cool,10,0.7955763888888889,0.07962435648857161,0.22824137326388888,0.10391898148148149,0.004078736256068344,0.013380217635080648,4.056634458491013,6,6,0.0,none,0.1940763888888889,1.0,1.0,0.0,0.0
36,2,cool,9,0.8473263888888889,0.10078773815128125,0.3656940538194444,0.07972453703703704,0.01045726414088824,0.11852425779653283,18.490793067114108,6,6,0.0,none,0.2616388888888889,1.01425,0.9936666666666666,0.0054444444444444445,0.0054444444444444445
36,2,cool,8,1.1352569444444445,0.21112327164811634,1.6046292899305556,0.03117361111111111,0.04461971518662413,0.17160089239077306,183.459415014047,6,6,0.0,none,0.8868958333333333,1.5715,0.746,0.19911111111111113,0.19911111111111113
36,2,cool,7.5,1.1794791666666666,0.17821019121014772,1.143319401041667,0.016162037037037037,0.03501126706179289,0.18259072071402552,366.4152191843965,6,6,0.0,none,0.9721319444444444,1.6125,0.7277777777777777,0.20922222222222223,0.20922222222222223
36,2,cool,7,1.2866944444444444,0.09866375355434286,0.3504433055555557,0.019574074074074074,0.017800193392819054,0.1464539438029899,121.15293025723732,6,6,0.0,none,1.2340277777777777,1.8695,0.6135555555555556,0.3327777777777778,0.3327777777777778
36,2,cool,6.5,1.3397222222222223,0.03737221024726038,0.05028055555555561,0.00532175925925926,0.003683328947227954,0.008371186224796974,27.38496802907229,6,6,0.0,none,1.3813194444444443,2.0,0.5555555555555556,0.3994444444444445,0.3994444444444445
36,2,cool,6,1.3345416666666667,0.03895438680743431,0.05462799305555563,0.004833333333333334,0.00523148349332146,0.00971917501346907,76.33057145589898,6,6,0.0,none,1.3657847222222221,2.0,0.5555555555555556,0.42,0.42
36,2,cool,5.5,1.3573819444444444,0.014413078591707637,0.007478526041666677,0.004296296296296296,0.0009717969318809727,0.0018994650059811445,8.446450723598232,6,6,0.0,none,1.4333888888888888,2.0,0.5555555555555556,0.4325555555555555,0.4325555555555555
36,2,cool,5,1.356284722222222,0.01891258598301182,0.012876692708333347,0.0042893518518518515,0.001866417235732534,0.005537422450374907,31.750751719045454,6,6,0.0,none,1.4314652777777779,2.0,0.5555555555555556,0.43944444444444447,0.43944444444444447
36,2,cool,4.5,1.3590277777777775,0.010609329402482066,0.004052083333333337,0.0038541666666666668,0.0007324372281703764,0.0013657314946948365,9.714385553782593,6,6,0.0,none,1.4384444444444444,2.0,0.5555555555555556,0.43877777777777777,0.43877777777777777
36,2,cool,4,1.3602986111111108,0.00744809391785975,0.001997067708333338,0.0040185185185185185,0.0004563277931311846,0.0010872121477521124,8.430637910185597,6,6,0.0,none,1.4417847222222222,2.0,0.5555555555555556,0.4414444444444444,0.4414444444444444
36,2,cool,3.5,1.3607916666666666,0.004200579582291057,0.0006352152777777783,0.0038935185185185184,0.00024118390478206783,0.00047516207283673263,6.481471658744654,6,6,0.0,none,1.443361111111111,2.0,0.5555555555555556,0.44266666666666665,0.44266666666666665
36,2,cool,3,1.3609583333333335,0.00290934928662836,0.000304715277777778,0.003798611111111111,0.0001550525100222288,0.000307629366199369,5.4410338133542675,6,6,0.0,none,1.4441388888888889,2.0,0.5555555555555556,0.4444444444444444,0.4444444444444444
36,2,heat,3.5,1.3611111111111112,0.0,0.0,0.0037569444444444443,0.0,0.0,nan,6,6,0.0,none,1.4444444444444444,2.0,0.5555555555555556,0.4444444444444444,0.4444444444444444
36,2,heat,4,1.3611111111111112,0.0,0.0,0.004101851851851852,0.0,0.0,nan,6,6,0.0,none,1.4444444444444444,2.0,0.5555555555555556,0.4444444444444444,0.4444444444444444
36,2,heat,4.5,1.3548055555555554,0.014854515670410469,0.007943638888888927,0.003127314814814815,0.002220250550836037,0.0019895250149945093,144.92053088725098,6,6,0.0,none,1.42175,2.0,0.5555555555555556,0.44077777777777777,0.44077777777777777
36,2,heat,5,1.3545138888888888,0.0204141863572769,0.01500260416666669,0.004143518518518519,0.0016877926003184861,0.00366936150371178,19.255196445695216,6,6,0.0,none,1.4283263888888889,2.0,0.5555555555555556,0.4385555555555556,0.4385555555555556
36,2,heat,5.5,1.3546944444444444,0.01919761993349987,0.013267750000000017,0.0044444444444444444,0.0010869358593344372,0.0020434839682087033,8.187247648395362,6,6,0.0,none,1.424777777777778,1.99875,0.5561111111111111,0.42133333333333334,0.42133333333333334
36,2,heat,6,1.346847222222222,0.029506195075602475,0.031342159722222276,0.00442824074074074,0.003295649311714222,0.00873328851158498,33.74415929395896,6,6,0.0,none,1.4036597222222222,2.0,0.5555555555555556,0.4242222222222222,0.4242222222222222
36,2,heat,6.5,1.3449444444444443,0.033584424667498995,0.04060488888888893,0.005405092592592592,0.003402530883786859,0.008914299920197606,28.643761111815447,6,6,0.0,none,1.3955277777777777,2.0,0.5555555555555556,0.40688888888888886,0.40688888888888886
36,2,heat,7,1.2427708333333334,0.06942510807184268,0.17351444270833333,0.008488425925925925,0.011806998765249049,0.06624762848388385,76.5432040174255,6,6,0.0,none,1.1222013888888889,1.918,0.6358472222222222,0.35904166666666665,0.05211111111111111
36,2,heat,7.5,1.1668958333333335,0.19870565336741117,1.4214217204861115,0.024944444444444446,0.04333440012347845,0.1770067589240228,397.34484832810966,6,6,0.0,none,0.9487083333333334,1.59725,0.7345555555555555,0.19966666666666666,0.19966666666666666
36,2,heat,8,0.903125,0.09818901741249934,0.34707899305555556,0.047030092592592596,0.009186619314051073,0.05321353057730099,22.388438405928646,6,6,0.0,none,0.3443819444444445,1.01075,0.9958194444444444,0.004180555555555555,0.0
36,2,heat,9,0.8470069444444445,0.10776539138983499,0.41808166493055554,0.0814861111111111,0.01351777063790835,0.1442620671840562,32.27361227771401,6,6,0.0,none,0.2647083333333333,1.02875,0.9888194444444444,0.011180555555555556,0.0
36,2,heat,10,0.7912569444444445,0.07188909516918285,0.1860495121527778,0.1056087962962963,0.002693391810278045,0.005961158400623893,2.665235844993732,6,6,0.0,none,0.18670833333333334,1.0,1.0,0.0,0.0
36,2,heat,12,0.7409652777777778,0.07420599476164184,0.19823506770833338,0.14378009259259258,0.0020446534881426864,0.00771244401885381,1.6841623688783243,6,6,0.0,none,0.14445833333333333,1.0,1.0,0.0,0.0
36,2,heat,15,0.6931736111111111,0.073499165074098,0.19447658159722223,0.18647222222222223,0.0013429754580131428,0.0067082523275556125,1.1678676805553987,6,6,0.0,none,0.10990972222222223,1.0,1.0,0.0,0.0
36,2,heat,20,0.6420208333333333,0.07262195701057839,0.1898621510416666,0.24429861111111112,0.0016406062976006303,0.003329337930186435,0.7566642429086744,6,6,0.0,none,0.0800625,1.0,1.0,0.0,0.0
36,2,heat,30,0.5919375,0.0720982105044746,0.1871334704861111,0.3085023148148148,0.0009768968980310663,0.0038051869635028625,0.5786232463838828,6,6,0.0,none,0.05695833333333333,1.0,1.0,0.0,0.0
36,2,heat,100,0.5245555555555556,0.07097776125373774,0.1813623333333334,0.4105902777777778,0.0013582954766367488,0.0034149055126397564,0.5272705622170499,6,6,0.0,none,0.03486111111111111,1.0,1.0,0.0,0.0
36,3,cool,100,0.527625,0.07037690500239444,0.1783047152777778,0.4094861111111111,0.0011733755492556756,0.0039253847890920075,0.5749069558023923,6,6,0.0,none,0.035909722222222225,1.0,1.0,0.0,0.0
36,3,cool,30,0.5934513888888889,0.07059093566944888,0.17939088715277773,0.30792824074074077,0.0011073386021898106,0.0035822923036928868,0.6001448237158231,6,6,0.0,none,0.0576875,1.0,1.0,0.0,0.0
36,3,cool,20,0.6416597222222223,0.07079138157191954,0.18041110937499993,0.24539583333333334,0.0013840668420087793,0.004098207493650002,0.7675970452620807,6,6,0.0,none,0.07870833333333332,1.0,1.0,0.0,0.0
36,3,cool,15,0.6940833333333333,0.07038710753687359,0.17835641666666663,0.18818287037037038,0.0012895499845355892,0.005158469304114852,1.110897245127999,6,6,0.0,none,0.10847222222222222,1.0,1.0,0.0,0.0
36,3,cool,12,0.7446944444444444,0.07480952665120787,0.2014727500000001,0.14144212962962963,0.002007864637371301,0.006445681714298124,1.9781122705533811,6,6,0.0,none,0.14604166666666668,1.0,1.0,0.0,0.0
36,3,cool,10,0.7936666666666666,0.0739787256706403,0.19702266666666673,0.10491435185185186,0.0032122699479284387,0.012008322998536715,3.587736188563989,6,6,0.0,none,0.19220833333333334,1.0,1.0,0.0,0.0
36,3,cool,9,0.854125,0.10613237043434177,0.4055068819444444,0.0801550925925926,0.010520685252524066,0.0964888063560035,18.79622120710075,6,6,0.0,none,0.27784027777777776,1.01625,0.9936805555555556,0.006319444444444444,0.0
36,3,cool,8,0.9119930555555555,0.12214783701554914,0.5371233871527776,0.05668287037037037,0.018227615228006925,0.15926719250908183,49.12162359619823,6,6,0.0,none,0.3658194444444444,1.04575,0.9796666666666667,0.014888888888888889,0.014888888888888889
36,3,cool,7.5,1.2548263888888889,0.14537112185389037,0.7607794704861112,0.013708333333333333,0.029566883091439688,0.25776037712514493,163.4947877210681,6,6,0.0,none,1.1609097222222222,1.79025,0.6487777777777778,0.29233333333333333,0.29233333333333333
36,3,cool,7,1.3129097222222221,0.05326281099517773,0.10212937326388895,0.0064212962962962965,0.006084641366286688,0.017731923495692758,25.63945426581157,6,6,0.0,none,1.300527777777778,1.964,0.5715555555555556,0.3655555555555556,0.3655555555555556
36,3,cool,6.5,1.2505138888888887,0.12763777883086397,0.5864904930555557,0.008372685185185184,0.02304701541787732,0.1713230356632096,135.34293586354326,6,6,0.0,none,1.1455,1.8065,0.6579305555555556,0.317625,0.20299999999999999
36,3,cool,6,1.3453124999999997,0.03211636632194418,0.03713259548611117,0.004835648148148148,0.00337753960817395,0.007635758587334759,23.59249193844909,6,6,0.0,none,1.3973541666666667,2.0,0.5555555555555556,0.41488888888888886,0.41488888888888886
36,3,cool,5.5,1.3494722222222222,0.027335916205878604,0.026901083333333395,0.004162037037037037,0.004049065290395711,0.008203266423657945,142.37171622920837,6,6,0.0,none,1.4090208333333334,2.0,0.5555555555555556,0.4321111111111111,0.4321111111111111
36,3,cool,5,1.3550277777777777,0.018300454524477518,0.012056638888888905,0.004171296296296296,0.001437455205689616,0.002634144281791061,15.462058451077121,6,6,0.0,none,1.4264930555555555,2.0,0.5555555555555556,0.4286666666666667,0.4286666666666667
36,3,cool,4.5,1.3583680555555555,0.012729329574031827,0.005833289930555566,0.004,0.0010352205880367151,0.0023296565449915244,13.840790535069942,6,6,0.0,none,1.4374166666666666,2.0,0.5555555555555556,0.4397777777777778,0.4397777777777778
36,3,cool,4,1.3610694444444444,0.0015208808972775303,8.32708333333334e-05,0.003969907407407407,4.021953643585953e-05,8.02702044711504e-05,1.4950662389091949,6,6,0.0,none,1.4443611111111112,2.0,0.5555555555555556,0.4444444444444444,0.4444444444444444
36,3,cool,3.5,1.3611111111111112,0.0,0.0,0.0038657407407407408,0.0,0.0,nan,6,6,0.0,none,1.4444444444444444,2.0,0.5555555555555556,0.4444444444444444,0.4444444444444444
36,3,cool,3,1.360986111111111,0.002632265078681182,0.00024943750000000026,0.0040185185185185185,0.00011712466648839784,0.00023279935410788186,4.460185784871183,6,6,0.0,none,1.4439722222222222,2.0,0.5555555555555556,0.4444444444444444,0.4444444444444444
36,3,heat,3.5,1.3611111111111112,0.0,0.0,0.003993055555555555,0.0,0.0,nan,6,6,0.0,none,1.4444444444444444,2.0,0.5555555555555556,0.4444444444444444,0.4444444444444444
36,3,heat,4,1.3605277777777776,0.005662784617979889,0.0011544166666666669,0.003930555555555555,0.0002692508239037593,0.0005262579898590861,5.96093309222125,6,6,0.0,none,1.4428055555555557,2.0,0.5555555555555556,0.4425555555555556,0.4425555555555556
36,3,heat,4.5,1.3596041666666665,0.00905687351946194,0.0029529704861111132,0.004087962962962963,0.0005047555061107082,0.0009652897977509956,6.242941316565461,6,6,0.0,none,1.440048611111111,2.0,0.5555555555555556,0.4408888888888889,0.4408888888888889
36,3,heat,5,1.3585347222222222,0.011757170044432625,0.004976317708333339,0.00412962962962963,0.0006696945664309251,0.0012263421341516573,6.2488748079072485,6,6,0.0,none,1.4370416666666666,2.0,0.5555555555555556,0.43566666666666665,0.43566666666666665
36,3,heat,5.5,1.3516180555555555,0.025526205028023982,0.023457137152777807,0.004472222222222222,0.0026057058288148013,0.007112368796069513,31.751598087872793,6,6,0.0,none,1.4170972222222222,2.0,0.5555555555555556,0.42633333333333334,0.42633333333333334
36,3,heat,6,1.3521666666666665,0.024395721644745457,0.021425444444444473,0.004666666666666667,0.0015725782583595241,0.003838193337318181,20.65157746672919,6,6,0.0,none,1.4211180555555556,2.0,0.5555555555555556,0.43533333333333335,0.43533333333333335
36,3,heat,6.5,1.240902777777778,0.13188959020570817,0.6262151041666668,0.009606481481481481,0.026309807815060753,0.13653953487603177,338.94617579800644,6,6,0.0,none,1.1133333333333333,1.66925,0.7025555555555556,0.25677777777777777,0.25677777777777777
36,3,heat,7,1.3246388888888887,0.04503111921250533,0.07300086111111119,0.006247685185185185,0.005223858451114833,0.007991006177466039,49.14224111284883,6,6,0.0,none,1.3449166666666668,2.0,0.5555555555555556,0.4051111111111111,0.4051111111111111
36,3,heat,7.5,1.1173888888888888,0.20128143493472694,1.4585117777777779,0.020525462962962964,0.03939676878695041,0.11904586374692114,175.3206543431714,6,6,0.0,none,0.8361319444444445,1.4715,0.7904444444444444,0.16944444444444443,0.16944444444444443
36,3,heat,8,0.978923611111111,0.1856961552266827,1.2413902343750005,0.051125,0.035230578656294705,0.3065328203988518,174.30214577758161,6,6,0.0,none,0.5213263888888888,1.165,0.9266666666666666,0.06433333333333333,0.06433333333333333
36,3,heat,9,0.8408888888888889,0.08764985404197913,0.27656988888888884,0.07944675925925926,0.005478189151572014,0.037869236686523915,8.627624403060203,6,6,0.0,none,0.2508958333333333,1.0,1.0,0.0,0.0
36,3,heat,10,0.7977083333333334,0.09434919114029097,0.32046371527777784,0.10462037037037036,0.007814817938854253,0.10099633296365297,21.84776833296243,6,6,0.0,none,0.203375,1.01775,0.9921111111111112,0.005888888888888889,0.005888888888888889
36,3,heat,12,0.7437569444444445,0.07421782171284323,0.19829826215277785,0.141875,0.0017310847235811517,0.008454288443917296,1.6576825607786354,6,6,0.0,none,0.1455763888888889,1.0,1.0,0.0,0.0
36,3,heat,15,0.6950347222222222,0.07343426575489045,0.19413328993055556,0.1882476851851852,0.0016719554166075878,0.004686309069622983,1.0505920279351044,6,6,0.0,none,0.11097222222222222,1.0,1.0,0.0,0.0
36,3,heat,20,0.6408125,0.07091745787466101,0.1810542899305555,0.24461805555555555,0.001262480050798876,0.0034610331073206533,0.691202971386334,6,6,0.0,none,0.07802083333333333,1.0,1.0,0.0,0.0
36,3,heat,30,0.5933125,0.07016124196886908,0.17721359548611104,0.30865046296296295,0.001271688368325453,0.00454789446619582,0.5747131360817043,6,6,0.0,none,0.05753472222222222,1.0,1.0,0.0,0.0
36,3,heat,100,0.5233194444444443,0.07168464325574693,0.18499277083333338,0.4094305555555556,0.0011241749560411541,0.004225054420752852,0.5289207353324619,6,6,0.0,none,0.035416666666666666,1.0,1.0,0.0,0.0
100,0,cool,100,0.21042000000000002,0.03772497316102425,0.14231736000000003,0.7774008333333333,0.0005828376388626602,0.003208965521658503,0.4876004996064858,10,10,0.0,none,0.0016,1.0,1.0,0.0,0.0
100,0,cool,30,0.2668425,0.04029026177316301,0.162330519375,0.634425,0.0007458203101283834,0.00468050371086806,0.5076595267800021,10,10,0.0,none,0.003435,1.0,1.0,0.0,0.0
100,0,cool,20,0.3133875,0.04121225356310911,0.16984498437499995,0.5315833333333333,0.0006112656722735202,0.0031689444081925214,0.5973538611437275,10,10,0.0,none,0.006375,1.0,1.0,0.0,0.0
100,0,cool,15,0.3616725,0.04242378747530682,0.17997777437499998,0.43466666666666665,0.000928789142324565,0.003354221445839098,0.6768697064699762,10,10,0.0,none,0.010522499999999999,1.0,1.0,0.0,0.0
100,0,cool,12,0.41316250000000004,0.0441698267344349,0.195097359375,0.34409666666666666,0.0007603889310576536,0.004098943426619112,0.8163577937118743,10,10,0.0,none,0.0175175,1.0,1.0,0.0,0.0
100,0,cool,10,0.46747000000000005,0.044017031930833325,0.19374991000000005,0.2640275,0.0010738195329756276,0.005168168008887407,1.2727278981317924,10,10,0.0,none,0.02693,1.0,1.0,0.0,0.0
100,0,cool,9,0.50333,0.04535428425187637,0.20570111000000005,0.218805,0.0011765930394150711,0.005944144269469059,1.9327854891018124,10,10,0.0,none,0.03494,1.0,1.0,0.0,0.0
100,0,cool,8,0.5528399999999999,0.046373854702838745,0.21505343999999993,0.16782916666666667,0.001408024553088476,0.010349815254350702,2.8311115671766576,10,10,0.0,none,0.0519975,1.0,1.0,0.0,0.0
100,0,cool,7.5,0.5775525,0.04640727037598742,0.21536347437499997,0.1437425,0.001293523065275608,0.008643506612748085,3.1890881565193197,10,10,0.0,none,0.05949,1.0,1.0,0.0,0.0
100,0,cool,7,0.60815,0.04717125713821924,0.22251275,0.119085,0.0025838745006288486,0.00992651897675471,4.868643717789904,10,10,0.0,none,0.07497,1.0,1.0,0.0,0.0
100,0,cool,6.5,0.658905,0.05084634672225724,0.2585350975,0.08996583333333333,0.0031363034551682052,0.01780542270527794,12.274228174600262,10,10,0.0,none,0.106665,1.0,1.0,0.0,0.0
100,0,cool,6,0.7183775,0.06145927508318008,0.37772424937500004,0.06312833333333333,0.007584802669184946,0.03587692912825274,34.82077074591068,10,10,0.0,none,0.1575675,1.0,1.0,0.0,0.0
100,0,cool,5.5,1.2749675,0.15179673561625096,2.3042248943749994,0.014583333333333334,0.03427856369752095,0.4883786148980224,517.1883755337698,10,10,0.0,none,1.333555,4.50325,0.455055,0.530625,0.4216
100,0,cool,5,1.4098724999999999,0.011893642997416725,0.014145874374999989,0.0008925,0.0012195837968340065,0.0027625464669590984,32.04201057086779,10,10,0.0,none,1.68418,6.0,0.22,0.75508,0.6150800000000001
100,0,cool,4.5,1.4161200000000003,0.007405781525267952,0.005484560000000011,0.0007758333333333333,0.000896154471213,0.0013874829798074726,62.25962324857028,10,10,0.0,none,1.7066875,6.0,0.22,0.7759199999999999,0.63592
100,0,cool,4,1.4184575000000004,0.0040305947141830115,0.001624569375000003,0.0005508333333333333,0.0004786618341533405,0.00041501415988098037,32.5967764819504,10,10,0.0,none,1.706095,6.0,0.22,0.77904,0.63904
100,0,cool,3.5,1.4178550000000003,0.004748576102370061,0.002254897500000004,0.00041833333333333333,0.0005881128489499577,0.0005930285970497013,37.185789124625785,10,10,0.0,none,1.697085,6.0,0.22,0.77648,0.63648
100,0,cool,3,1.4194825000000004,0.002346741091386097,0.000550719375000001,0.00042333333333333334,0.0003662535800507687,0.0003730359591482625,44.86934639456763,10,10,0.0,none,1.710065,6.0,0.22,0.78,0.64
100,0,heat,3.5,1.4186625000000004,0.0039097434378741565,0.0015286093750000028,0.0006091666666666667,0.000497040634631639,0.0004906365300065062,35.15081934183661,10,10,0.0,none,1.7092675,6.0,0.22,0.7782800000000001,0.6382800000000001
100,0,heat,4,1.4174625,0.004973539358444853,0.002473609375000004,0.000535,0.00047228796139116595,0.00039488396169433946,22.746886283702324,10,10,0.0,none,1.6967425,6.0,0.22,0.77892,0.63892
100,0,heat,4.5,1.4146100000000001,0.007372102820769668,0.005434790000000009,0.0006808333333333333,0.0008564561132364171,0.0008206205673875272,33.014519025452486,10,10,0.0,none,1.69585,6.0,0.22,0.77412,0.63412
100,0,heat,5,1.4147775000000002,0.008003155237154912,0.006405049375000009,0.0007191666666666667,0.001031493067099847,0.0014101173291144252,28.114294213539054,10,10,0.0,none,1.6960499999999998,6.0,0.22,0.7712399999999999,0.63124
100,0,heat,5.5,1.40782,0.012641107546413803,0.015979760000000003,0.0010083333333333333,0.0014396300774851996,0.0025748039745732425,31.029945623739785,10,10,0.0,none,1.6782975,6.0,0.22,0.7563200000000001,0.61632
100,0,heat,6,1.4341149999999998,0.01904118628132187,0.036256677500000015,0.0009375,0.0026541303015488547,0.009862406127111029,161.13584690103374,10,10,0.0,none,1.7457425,6.0,0.2,0.7458,0.7458
100,0,heat,6.5,0.755215,0.1993034213830761,3.9721853775,0.04977,0.04074886098313547,1.526128742601263,297.1458657656616,10,10,0.0,none,0.28912,1.49125,0.9212,0.07152,0.07152
100,0,heat,7,0.6116849999999999,0.0463833027607996,0.21514107749999997,0.11722916666666666,0.0021305035606342003,0.009923635397206644,4.712960543338267,10,10,0.0,none,0.076665,1.0,1.0,0.0,0.0
100,0,heat,7.5,0.5756400000000002,0.046666801904565944,0.21777903999999998,0.14610916666666668,0.0020511533166977045,0.010124039982521298,3.6841888386694204,10,10,0.0,none,0.06125,1.0,1.0,0.0,0.0
100,0,heat,8,0.5456125000000001,0.04658835523765568,0.2170474843749999,0.17145,0.001560019528812056,0.00886169551099197,2.477514120722467,10,10,0.0,none,0.0480975,1.0,1.0,0.0,0.0
100,0,heat,9,0.501685,0.04491002978177592,0.2016910775,0.221505,0.0011848839169302618,0.0059899464955565545,1.796612049163601,10,10,0.0,none,0.034975,1.0,1.0,0.0,0.0
100,0,heat,10,0.46420249999999996,0.04486439561333686,0.20128139937499998,0.2659575,0.0010748405595249926,0.006589725065778676,1.2571428163371068,10,10,0.0,none,0.026625,1.0,1.0,0.0,0.0
100,0,heat,12,0.41159,0.04448170297998942,0.19786218999999997,0.34453083333333334,0.0009907825142154083,0.004293700600246834,0.8828018928587348,10,10,0.0,none,0.016635,1.0,1.0,0.0,0.0
100,0,heat,15,0.3608725,0.04278216618814433,0.18303137437499997,0.43538916666666666,0.0007176896835506258,0.0028483737190584963,0.6733254811932889,10,10,0.0,none,0.0101975,1.0,1.0,0.0,0.0
100,0,heat,20,0.3131925,0.04090944809881942,0.167358294375,0.5306866666666666,0.0007084310287529762,0.00315249717461211,0.5551374965206864,10,10,0.0,none,0.0063575,1.0,1.0,0.0,0.0
100,0,heat,30,0.2685325,0.04013317136422189,0.161067144375,0.6321283333333333,0.0006685255506523272,0.0037463879911406443,0.5395270406613614,10,10,0.0,none,0.0037325,1.0,1.0,0.0,0.0
100,0,heat,100,0.210545,0.03765040471230024,0.14175529750000002,0.7774191666666667,0.000637300381609803,0.0037766266607832974,0.48790080566142063,10,10,0.0,none,0.0016375,1.0,1.0,0.0,0.0
100,1,cool,100,0.21017000000000002,0.036870328178631666,0.13594211000000003,0.7764625,0.0006567641473733173,0.00319037996422442,0.492989220803177,10,10,0.0,none,0.0015249999999999999,1.0,1.0,0.0,0.0
100,1,cool,30,0.26578999999999997,0.04012325884072728,0.16098759,0.6341766666666667,0.0006096614464397455,0.0031663414746438065,0.5223174419433161,10,10,0.0,none,0.0035725,1.0,1.0,0.0,0.0
100,1,cool,20,0.3132825,0.04238691064172995,0.17966501937499996,0.5310658333333333,0.0008249060567725271,0.004593687516411892,0.48847329289753477,10,10,0.0,none,0.00639,1.0,1.0,0.0,0.0
100,1,cool,15,0.36092250000000003,0.043360396605081925,0.18801239937499997,0.43367666666666665,0.0007278876178882293,0.003675684980949253,0.6093511513385591,10,10,0.0,none,0.010627500000000002,1.0,1.0,0.0,0.0
100,1,cool,12,0.4101075,0.0435053266135309,0.18927134437499998,0.346195,0.0008513166100811171,0.004245533265348837,0.8237425835767953,10,10,0.0,none,0.016425000000000002,1.0,1.0,0.0,0.0
100,1,cool,10,0.4642175,0.04493871041485281,0.20194876937500006,0.26621416666666664,0.0009826649993258134,0.006067229261837711,1.2785891360749972,10,10,0.0,none,0.025935,1.0,1.0,0.0,0.0
100,1,cool,9,0.499925,0.04537614323628662,0.20589943750000003,0.22091083333333333,0.0011164942572512411,0.006739355899092327,1.6702718132018985,10,10,0.0,none,0.034825,1.0,1.0,0.0,0.0
100,1,cool,8,0.54472,0.044196963696616076,0.19533715999999995,0.17212166666666667,0.001165907720737365,0.007160925355337285,2.294930871819543,10,10,0.0,none,0.04747,1.0,1.0,0.0,0.0
100,1,cool,7.5,0.5770050000000001,0.045714111333372755,0.20897799749999996,0.14393666666666666,0.0016690994313101886,0.007083127709421014,3.5915805605558058,10,10,0.0,none,0.06066,1.0,1.0,0.0,0.0
100,1,cool,7,0.6140925,0.04806221430344216,0.23099764437499998,0.11783,0.002021690494511954,0.010627990677318842,4.190044895489858,10,10,0.0,none,0.078175,1.0,1.0,0.0,0.0
100,1,cool,6.5,0.654,0.05082715809486106,0.25834,0.09176083333333333,0.0029432704606270794,0.010375685462637979,7.92709529839319,10,10,0.0,none,0.101295,1.0,1.0,0.0,0.0
100,1,cool,6,0.7192799999999999,0.05501074076941702,0.30261815999999997,0.06548,0.005192351942819358,0.01981536967965987,18.37760417925022,10,10,0.0,none,0.154275,1.0,1.0,0.0,0.0
100,1,cool,5.5,1.3993575,0.05126853024760896,0.26284621937499947,0.01054,0.011615271543983605,0.05281133459960287,388.66194825435895,10,10,0.0,none,1.6442949999999998,5.65775,0.29475999999999997,0.6901999999999999,0.4102
100,1,cool,5,1.43731,0.0078079382681985965,0.00609639000000001,0.0006833333333333333,0.000811895550301885,0.001674965842306138,20.772029161453887,10,10,0.0,none,1.7515575,6.0,0.24,0.7510800000000001,0.47107999999999994
100,1,cool,4.5,1.4382200000000003,0.005939831647445916,0.003528160000000006,0.0006458333333333333,0.0005889782529092061,0.0011179340489826152,31.855033077579552,10,10,0.0,none,1.75388,6.0,0.24,0.75128,0.47128
100,1,cool,4,1.4390399999999999,0.004275324549083968,0.0018278400000000035,0.0006108333333333333,0.00041653754260570546,0.0007477102525477312,27.444899893662114,10,10,0.0,none,1.7561600000000002,6.0,0.24,0.75232,0.47232
100,1,cool,3.5,1.44,0.0,0.0,0.0005933333333333333,0.0,0.0,nan,10,10,0.0,none,1.76,6.0,0.24,0.76,0.48
100,1,cool,3,1.44,0.0,0.0,0.0006233333333333334,0.0,0.0,nan,10,10,0.0,none,1.76,6.0,0.24,0.76,0.48
100,1,heat,3.5,1.43991,0.0013386186910393876,0.00017919000000000032,0.0005433333333333334,8.842581297333399e-05,0.00017454162484543481,8.846200034864047,10,10,0.0,none,1.75964,6.0,0.24,0.75928,0.47928
100,1,heat,4,1.4394500000000001,0.003270703288285261,0.001069750000000002,0.000665,0.000363745017285457,0.0006803996607469949,48.877333996638306,10,10,0.0,none,1.75818,6.0,0.24,0.75756,0.47756
100,1,heat,4.5,1.43883,0.004693729860143214,0.002203110000000004,0.0006058333333333333,0.0004894284241847522,0.0008552378512242539,22.466972300295442,10,10,0.0,none,1.7562799999999998,6.0,0.24,0.7544799999999999,0.47448
100,1,heat,5,1.4375149999999999,0.007454849093040052,0.005557477500000009,0.0006591666666666666,0.0008102090941695073,0.0019871488692356793,24.58280440074936,10,10,0.0,none,1.751795,6.0,0.24,0.7490399999999999,0.46904
100,1,heat,5.5,1.433305,0.011965658151560248,0.014317697500000021,0.0007091666666666666,0.0017931910721601968,0.005360495165744891,62.38792415215528,10,10,0.0,none,1.7407400000000002,5.98225,0.242485,0.740315,0.4628
100,1,heat,6,1.4250275000000001,0.021252040931402327,0.04516492437499999,0.0009325,0.0032833242918420464,0.008864480609671882,92.04348369942016,10,10,0.0,none,1.7191800000000002,6.0,0.24,0.7394799999999999,0.45948
100,1,heat,6.5,1.4238675,0.017826032754093106,0.03177674437500002,0.0009975,0.0022976853026470015,0.004819273342403054,46.77804776199438,10,10,0.0,none,1.71007,5.9975,0.2404,0.71116,0.43116
100,1,heat,7,0.61114,0.047005854954462856,0.22095504000000005,0.08182583333333333,0.0020539023800743355,0.01227751892492031,4.263215715218259,10,10,0.0,none,0.07786749999999999,1.0,1.0,0.0,0.0
100,1,heat,7.5,0.5757125000000001,0.04807226168748459,0.23109423437499987,0.14561333333333334,0.0019418945235001814,0.011373038822880894,3.3941683397561384,10,10,0.0,none,0.061585,1.0,1.0,0.0,0.0
100,1,heat,8,0.54971,0.04648027431072239,0.21604158999999995,0.16926,0.0015489125572478294,0.006616438159236323,2.530140610609557,10,10,0.0,none,0.0503975,1.0,1.0,0.0,0.0
100,1,heat,9,0.503485,0.04683593465492068,0.21936047749999998,0.21985083333333333,0.0014213800292233608,0.006318597148851764,1.8656318060621604,10,10,0.0,none,0.03635,1.0,1.0,0.0,0.0
100,1,heat,10,0.46449,0.04516680086080926,0.20400399,0.26542916666666666,0.0013921182450765447,0.0055639378826049316,1.3134057468823301,10,10,0.0,none,0.02618,1.0,1.0,0.0,0.0
100,1,heat,12,0.41216250000000004,0.0436835048244758,0.19082485937500002,0.3450575,0.0008609091341570295,0.005500790040238353,0.9391749585293464,10,10,0.0,none,0.01695,1.0,1.0,0.0,0.0
100,1,heat,15,0.36246,0.04345685676622275,0.18884984,0.43376916666666665,0.0008320562694163185,0.0035028455794318247,0.6737526794079903,10,10,0.0,none,0.0107975,1.0,1.0,0.0,0.0
100,1,heat,20,0.312785,0.041856227433919556,0.1751943775,0.5304258333333334,0.0007742088429325755,0.003345291928448707,0.5416819304572335,10,10,0.0,none,0.0062825,1.0,1.0,0.0,0.0
100,1,heat,30,0.267755,0.04041855978384188,0.1633659975,0.63449,0.0006672451070633623,0.0031542846057007116,0.5304436166716922,10,10,0.0,none,0.00363,1.0,1.0,0.0,0.0
100,1,heat,100,0.21068,0.03784953896680909,0.14325875999999999,0.7771441666666666,0.0006368080577968542,0.0029022964420157707,0.48843573918489475,10,10,0.0,none,0.0015075,1.0,1.0,0.0,0.0
100,2,cool,100,0.21087500000000003,0.037204628408304255,0.13841843750000002,0.77667,0.0006122201901889549,0.0029395434962870433,0.5227475183270868,10,10,0.0,none,0.0016225,1.0,1.0,0.0,0.0
100,2,cool,30,0.26777249999999997,0.040708269967538534,0.165716324375,0.6326991666666667,0.0006068230144778627,0.00460899237397322,0.566071871162633,10,10,0.0,none,0.00377,1.0,1.0,0.0,0.0
100,2,cool,20,0.3126675,0.04181757338428427,0.17487094437499998,0.5311991666666667,0.0006913112636685459,0.0023457589220028966,0.5374406559969784,10,10,0.0,none,0.0063925,1.0,1.0,0.0,0.0
100,2,cool,15,0.3612975,0.0431206620281971,0.18593914937499997,0.43426,0.000691924691639198,0.004458497062972838,0.6689730653610877,10,10,0.0,none,0.010397499999999999,1.0,1.0,0.0,0.0
100,2,cool,12,0.4113525,0.04403119057838432,0.19387457437499997,0.345185,0.0009032155377317197,0.003928190883543108,1.0574168213177193,10,10,0.0,none,0.016545,1.0,1.0,0.0,0.0
100,2,cool,10,0.46518499999999996,0.04501461734814593,0.20263157750000008,0.26585,0.0013308211431293099,0.005686608325029484,1.3202468969899512,10,10,0.0,none,0.026225000000000002,1.0,1.0,0.0,0.0
100,2,cool,9,0.5026949999999999,0.0446882196445551,0.19970369750000003,0.21914,0.0015503605524119204,0.009598275889173774,1.8278885719721096,10,10,0.0,none,0.035275,1.0,1.0,0.0,0.0
100,2,cool,8,0.5479599999999999,0.04591773513578386,0.21084383999999995,0.1706375,0.0018451593885827338,0.008936943327602595,2.957029952375745,10,10,0.0,none,0.0495275,1.0,1.0,0.0,0.0
100,2,cool,7.5,0.575385,0.04550001950549031,0.2070251774999999,0.14504083333333334,0.0021430611377186576,0.0077980835767449234,3.408336028675401,10,10,0.0,none,0.0609775,1.0,1.0,0.0,0.0
100,2,cool,7,0.6117250000000001,0.04776582852835278,0.22815743750000003,0.11838333333333333,0.0027407658249976436,0.009958220921755133,5.536861429482512,10,10,0.0,none,0.07735500000000001,1.0,1.0,0.0,0.0
100,2,cool,6.5,0.65477,0.0521698869080622,0.27216970999999995,0.091205,0.0031974243472520196,0.019170103910921225,9.036605509497395,10,10,0.0,none,0.1015825,1.0,1.0,0.0,0.0
100,2,cool,6,0.735215,0.07246277509866704,0.5250853775,0.05739416666666667,0.011124023776943305,0.11195239654806305,86.13053303863069,10,10,0.0,none,0.1911975,1.103,0.9855800000000001,0.014419999999999999,0.0
100,2,cool,5.5,1.4138374999999999,0.04719373468745609,0.22272485937499964,0.005875833333333334,0.010077299674496087,0.06837348113607276,367.4364000348772,10,10,0.0,none,1.6903225,5.6425,0.2572,0.69876,0.69876
100,2,cool,5,1.4468849999999995,0.008160684713919545,0.006659677500000013,0.0005775,0.0009713879387119184,0.0020569980819092107,28.51307070259665,10,10,0.0,none,1.7901449999999999,6.0,0.2,0.78928,0.78928
100,2,cool,4.5,1.4482949999999997,0.0061759999190414555,0.003814297500000006,0.0005716666666666667,0.0007015897269059559,0.0015278030724342662,24.46938550162976,10,10,0.0,none,1.79339,6.0,0.2,0.7878000000000001,0.7878000000000001
100,2,cool,4,1.4490349999999996,0.004507635189320453,0.0020318775000000033,0.0005216666666666667,0.00053140049868249,0.0010814860461042857,26.43857872493306,10,10,0.0,none,1.79657,6.0,0.2,0.79452,0.79452
100,2,cool,3.5,1.4499999999999995,4.440892098500626e-16,1.9721522630525295e-29,0.0004775,0.0,0.0,nan,10,10,0.0,none,1.8,6.0,0.2,0.8,0.8
100,2,cool,3,1.4499999999999995,4.440892098500626e-16,1.9721522630525295e-29,0.0004933333333333334,0.0,0.0,nan,10,10,0.0,none,1.8,6.0,0.2,0.8,0.8
100,2,heat,3.5,1.4499999999999995,4.440892098500626e-16,1.9721522630525295e-29,0.0004825,0.0,0.0,nan,10,10,0.0,none,1.8,6.0,0.2,0.8,0.8
100,2,heat,4,1.4498049999999993,0.001965190830428437,0.0003861975000000009,0.0005391666666666666,0.0001311410976772687,0.0002561500032200462,9.438579650706634,10,10,0.0,none,1.7993999999999999,6.0,0.2,0.79916,0.79916
100,2,heat,4.5,1.4475674999999997,0.006614978741462446,0.004375794375000008,0.0005208333333333333,0.0008985310224332712,0.0013467692006394127,60.3645771944502,10,10,0.0,none,1.7919,6.0,0.2,0.78708,0.78708
100,2,heat,5,1.4462099999999996,0.00910691495513163,0.008293590000000016,0.0005775,0.0008895345088724642,0.0024441877840849684,21.598009527268577,10,10,0.0,none,1.786,6.0,0.2,0.7755200000000001,0.7755200000000001
100,2,heat,5.5,1.4425249999999996,0.01240662625374039,0.01539243750000003,0.0006691666666666667,0.0010986045637534814,0.0020716985350943125,21.684560633599368,10,10,0.0,none,1.7734174999999999,6.0,0.2,0.7602800000000001,0.7602800000000001
100,2,heat,6,1.4390674999999997,0.01626977085732925,0.026470544375000012,0.0007925,0.0020313086922227955,0.006943543748090805,43.319035945640955,10,10,0.0,none,1.76299,5.98925,0.20172,0.74884,0.74884
100,2,heat,6.5,1.2803849999999999,0.2649443371257442,7.0195501775,0.009833333333333333,0.0591754191293756,2.442021249071195,366.0325183551241,10,10,0.0,none,1.3960400000000002,4.81875,0.38674,0.5455599999999999,0.5455599999999999
100,2,heat,7,0.611965,0.05074483988545042,0.2575038775,0.11860166666666666,0.003042228975977158,0.013820189732523053,5.742093405237749,10,10,0.0,none,0.077795,1.0,1.0,0.0,0.0
100,2,heat,7.5,0.5754600000000001,0.04570764049915505,0.20891883999999994,0.1456,0.0018580190353976458,0.0055476888477784805,2.6836373163830394,10,10,0.0,none,0.0594075,1.0,1.0,0.0,0.0
100,2,heat,8,0.5492475,0.04651245794139458,0.216340874375,0.1698,0.0014175175639476185,0.006166835106381413,2.837120369708837,10,10,0.0,none,0.0498475,1.0,1.0,0.0,0.0
100,2,heat,9,0.5025425,0.04532119475201421,0.20540106937500002,0.21904833333333334,0.0010738527643024453,0.007339559601905353,1.53731196463123,10,10,0.0,none,0.0353075,1.0,1.0,0.0,0.0
100,2,heat,10,0.46441750000000004,0.044305876514859746,0.19630106937500005,0.2661625,0.0011353375618180707,0.004483671528078147,1.3119946900452648,10,10,0.0,none,0.02632,1.0,1.0,0.0,0.0
100,2,heat,12,0.41194250000000004,0.04304011725994714,0.18524516937499996,0.344745,0.0006934661566363566,0.0033213457048890606,0.8421585757462593,10,10,0.0,none,0.0168025,1.0,1.0,0.0,0.0
100,2,heat,15,0.36006,0.0427550745526189,0.18279964,0.4345191666666667,0.0009576799370744908,0.004455478983324445,0.70607123673572,10,10,0.0,none,0.010209999999999999,1.0,1.0,0.0,0.0
100,2,heat,20,0.3134075,0.04151100991002267,0.17231639437500001,0.5313858333333333,0.0006554829493396454,0.0052607648652111825,0.556319934981677,10,10,0.0,none,0.0064125,1.0,1.0,0.0,0.0
100,2,heat,30,0.26776,0.04024092941272604,0.16193323999999998,0.6341141666666666,0.0005564752846263689,0.0035667791803664353,0.5576351353989331,10,10,0.0,none,0.0037425,1.0,1.0,0.0,0.0
100,2,heat,100,0.20973750000000002,0.03781806570608814,0.14302060937499997,0.7776,0.0005217871482702497,0.0035064815940058737,0.5030553106115766,10,10,0.0,none,0.0017324999999999999,1.0,1.0,0.0,0.0
100,3,cool,100,0.2106525,0.03736374236810333,0.13960492437500002,0.7772475,0.0004468441572852901,0.0029573735451192762,0.47876807265912485,10,10,0.0,none,0.001585,1.0,1.0,0.0,0.0
100,3,cool,30,0.26649,0.04071031687422735,0.16573299,0.6341016666666667,0.0005839728759968224,0.004621019759639244,0.5332485574400155,10,10,0.0,none,0.0035299999999999997,1.0,1.0,0.0,0.0
100,3,cool,20,0.3120425,0.042050008249107394,0.17682031937499998,0.53146,0.00068564650192355,0.0038433377880118815,0.597811627576958,10,10,0.0,none,0.006105,1.0,1.0,0.0,0.0
100,3,cool,15,0.36188,0.04254486573019123,0.18100655999999998,0.435175,0.0006774454272301213,0.004132011308372425,0.6341936566817022,10,10,0.0,none,0.0106925,1.0,1.0,0.0,0.0
100,3,cool,12,0.41262,0.04392647948561323,0.19295356,0.3451475,0.0007865924898573606,0.005306429332437555,0.8840296584827678,10,10,0.0,none,0.0169875,1.0,1.0,0.0,0.0
100,3,cool,10,0.4645,0.044771642811047264,0.20045000000000002,0.26645,0.0009843074529205813,0.005408137834040073,1.291271839569408,10,10,0.0,none,0.0261075,1.0,1.0,0.0,0.0
100,3,cool,9,0.50173,0.04705589336098084,0.22142571000000003,0.2217075,0.0012020376031035807,0.0078056230665573215,1.8299696769836142,10,10,0.0,none,0.03567,1.0,1.0,0.0,0.0
100,3,cool,8,0.5468225,0.04504529380246065,0.20290784937499995,0.17119083333333332,0.0014820285446896732,0.0065112201106876915,2.3650583553841464,10,10,0.0,none,0.049139999999999996,1.0,1.0,0.0,0.0
100,3,cool,7.5,0.5790475,0.04696666630441211,0.220586774375,0.14456666666666668,0.001189510880772004,0.009678336174867129,2.715832292370246,10,10,0.0,none,0.061682499999999994,1.0,1.0,0.0,0.0
100,3,cool,7,0.6098625,0.04809476160404582,0.231310609375,0.12024833333333333,0.0027870668183593993,0.013448852879602681,4.509970536546893,10,10,0.0,none,0.07535,1.0,1.0,0.0,0.0
100,3,cool,6.5,0.6553675000000001,0.05062375868848539,0.256276494375,0.09157583333333333,0.003126890061526795,0.014661436681270373,8.878383198191782,10,10,0.0,none,0.1028675,1.0,1.0,0.0,0.0
100,3,cool,6,0.70512,0.05490433134097892,0.30144856000000003,0.06709416666666666,0.00451589615268941,0.027934455160443586,13.377198631289875,10,10,0.0,none,0.141535,1.0,1.0,0.0,0.0
100,3,cool,5.5,1.4399799999999996,0.024241485103021213,0.05876495999999994,0.00423,0.0038901154843879447,0.04028665104911202,55.17968870737965,10,10,0.0,none,1.76598,5.942,0.20928000000000002,0.7532800000000001,0.7532800000000001
100,3,cool,5,1.4476249999999995,0.008652131240336106,0.0074859375,0.0005883333333333333,0.0011726736212070996,0.004721984972393255,35.81112479534632,10,10,0.0,none,1.793085,5.98825,0.20187999999999998,0.79204,0.79204
100,3,cool,4.5,1.4478224999999996,0.0072064896967941406,0.00519334937500001,0.0005416666666666666,0.0009131224524125857,0.00231914887211939,51.13802614192877,10,10,0.0,none,1.79167,6.0,0.2,0.78532,0.78532
100,3,cool,4,1.4497099999999996,0.002390794846907616,0.0005715900000000012,0.0005325,0.00015112423895590442,0.0002921069271961483,13.662615597442246,10,10,0.0,none,1.7988399999999998,6.0,0.2,0.7976800000000001,0.7976800000000001
100,3,cool,3.5,1.4493774999999995,0.0037131514579936036,0.0013787493750000023,0.00049,0.0005232918264219205,0.0011273109026413827,34.97980670910922,10,10,0.0,none,1.79751,6.0,0.2,0.79548,0.79548
100,3,cool,3,1.4499999999999995,4.440892098500626e-16,1.9721522630525295e-29,0.0004908333333333334,0.0,0.0,nan,10,10,0.0,none,1.8,6.0,0.2,0.8,0.8
100,3,heat,3.5,1.4499149999999994,0.0013010668699186842,0.00016927750000000024,0.0005058333333333333,6.20856593747517e-05,0.00012284666748710579,4.5402340886233885,10,10,0.0,none,1.79977,6.0,0.2,0.79976,0.79976
100,3,heat,4,1.4494499999999997,0.0033162478797580898,0.0010997500000000024,0.00053,0.00028302877521551635,0.0005386438901866344,18.830973579640396,10,10,0.0,none,1.7978,6.0,0.2,0.7956799999999999,0.7956799999999999
100,3,heat,4.5,1.4473224999999998,0.00742334114465987,0.005510599375000011,0.0005575,0.0008268564403207902,0.0017418430912462144,39.68774290410433,10,10,0.0,none,1.79018,6.0,0.2,0.7844,0.7844
100,3,heat,5,1.4471324999999997,0.008879889850105132,0.007885244375000013,0.0005875,0.0010910114985645172,0.0035219415620490148,36.75042673558758,10,10,0.0,none,1.79088,6.0,0.2,0.78836,0.78836
100,3,heat,5.5,1.4398774999999997,0.014405207174837866,0.020750999375000034,0.0006341666666666667,0.00217892954275141,0.004707371893083521,81.37894163308182,10,10,0.0,none,1.7640025,6.0,0.2,0.7518,0.7518
100,3,heat,6,1.4410599999999998,0.013536114656724812,0.01832264000000003,0.00075,0.0015206453438836281,0.0031833060943647867,25.678293764770228,10,10,0.0,none,1.769715,6.0,0.2,0.75696,0.75696
100,3,heat,6.5,1.4049825,0.04243583030588652,0.18007996937499968,0.0013441666666666667,0.00781367008232845,0.060378127832077695,137.7707379748725,10,10,0.0,none,1.66476,5.80175,0.23172,0.6973600000000001,0.6973600000000001
100,3,heat,7,0.614165,0.049483863784066016,0.24486527750000003,0.09057833333333333,0.0026400857821053834,0.012630755096846894,5.128286798700735,10,10,0.0,none,0.07885,1.0,1.0,0.0,0.0
100,3,heat,7.5,0.576235,0.04714790318773465,0.22229247749999992,0.14518,0.0022841324430240527,0.008341887030922035,3.192341245326288,10,10,0.0,none,0.0611125,1.0,1.0,0.0,0.0
100,3,heat,8,0.5499375,0.045182641509212355,0.20414710937499994,0.16813166666666668,0.0017271617658097332,0.006773932919363901,3.3741636061676887,10,10,0.0,none,0.0505825,1.0,1.0,0.0,0.0
100,3,heat,9,0.503525,0.04585002044710559,0.21022243750000005,0.2201875,0.0013169908217125093,0.006242506203714049,1.7191204464702865,10,10,0.0,none,0.035532499999999995,1.0,1.0,0.0,0.0
100,3,heat,10,0.46378250000000004,0.04425457822361434,0.19584676937500003,0.2673916666666667,0.0008811946379773318,0.0055893577630062325,1.2443329751787786,10,10,0.0,none,0.0258725,1.0,1.0,0.0,0.0
100,3,heat,12,0.41331500000000004,0.04366475437924734,0.19066107750000003,0.3444258333333333,0.0008267182996039216,0.003185467250794257,0.8855325071259474,10,10,0.0,none,0.0172275,1.0,1.0,0.0,0.0
100,3,heat,15,0.3620225,0.04255625093626082,0.18110344937499998,0.4331466666666667,0.0007678786997306304,0.0035786833539032756,0.7141379462169329,10,10,0.0,none,0.010415,1.0,1.0,0.0,0.0
100,3,heat,20,0.3127675,0.04220860035289017,0.17815659437499998,0.5321408333333333,0.00047839337673090827,0.004000205038339158,0.5674527987252822,10,10,0.0,none,0.006307500000000001,1.0,1.0,0.0,0.0
100,3,heat,30,0.26745500000000005,0.040794889079393264,0.16642229749999998,0.6323633333333334,0.000659123729962746,0.004010947815567856,0.5533617917572894,10,10,0.0,none,0.0037175000000000003,1.0,1.0,0.0,0.0
100,3,heat,100,0.21116250000000003,0.037732924532164216,0.142377359375,0.777575,0.0005527185874158746,0.002567607500695507,0.5047572939256588,10,10,0.0,none,0.00172,1.0,1.0,0.0,0.0
120,0,cool,100,0.1781125,0.03288975455762951,0.12980831458333336,0.8122979166666666,0.0004820601004737385,0.002712048105699289,0.45979979711022084,10,12,0.0,none,0.0009583333333333334,1.0,1.0,0.0,0.0
120,0,cool,30,0.23009375000000004,0.03477070070625795,0.14508019531250002,0.6744291666666666,0.0004501350316502266,0.0037065498702110386,0.5027765697396196,10,12,0.0,none,0.002214583333333333,1.0,1.0,0.0,0.0
120,0,cool,20,0.2721166666666667,0.03670195650249604,0.16164403333333333,0.5738104166666667,0.0005107088353591376,0.0034142046013564352,0.5095847370667699,10,12,0.0,none,0.0039499999999999995,1.0,1.0,0.0,0.0
120,0,cool,15,0.3188166666666667,0.03890688313853418,0.18164946666666662,0.4746222222222222,0.0006781048167887329,0.0038383829901087055,0.693410690185125,10,12,0.0,none,0.006883333333333333,1.0,1.0,0.0,0.0
120,0,cool,12,0.3675604166666667,0.03994853237248244,0.19150622864583333,0.3822027777777778,0.0007845721402989852,0.005631654754729164,0.8427548160268826,10,12,0.0,none,0.011260416666666667,1.0,1.0,0.0,0.0
120,0,cool,10,0.41813125,0.04111709391878746,0.20287384947916667,0.29949027777777776,0.0013153927978710308,0.005949544125430289,1.373919571927607,10,12,0.0,none,0.017652083333333336,1.0,1.0,0.0,0.0
120,0,cool,9,0.4555,0.041230550970528315,0.20399499999999998,0.2500722222222222,0.0015944249247323123,0.006655209227532325,1.717170310539633,10,12,0.0,none,0.024825,1.0,1.0,0.0,0.0
120,0,cool,8,0.4995645833333333,0.041070332575740665,0.2024126661458334,0.1970375,0.00104147640444914,0.009193694960475046,2.556923136194684,10,12,0.0,none,0.035083333333333334,1.0,1.0,0.0,0.0
120,0,cool,7.5,0.5277416666666666,0.043404796041963435,0.22607715833333333,0.16770694444444445,0.0015206764512919525,0.008552386263805218,3.629701193720922,10,12,0.0,none,0.04338125,1.0,1.0,0.0,0.0
120,0,cool,7,0.5641958333333333,0.04315716413264688,0.2235048979166666,0.13899097222222223,0.0022792236601649166,0.011759671334697337,4.680366319050932,10,12,0.0,none,0.0573375,1.0,1.0,0.0,0.0
120,0,cool,6.5,0.5992312499999999,0.042981132761218614,0.22168533281250002,0.11113333333333333,0.001369872265689602,0.010343365414544541,5.87023551956889,10,12,0.0,none,0.07169791666666667,1.0,1.0,0.0,0.0
120,0,cool,6,0.6544833333333333,0.04989158802399014,0.29870046666666666,0.0808625,0.0038283436929006515,0.03132509473385569,12.722021116903411,10,12,0.0,none,0.10621041666666667,1.0,1.0,0.0,0.0
120,0,cool,5.5,0.7700833333333332,0.0899467048991914,0.9708491666666668,0.04918472222222222,0.017623286243131867,0.23069687463017208,289.88866011622173,10,12,0.0,none,0.25137916666666665,1.24575,0.9672333333333333,0.03266666666666666,0.03266666666666666
120,0,cool,5,1.4354166666666666,0.02970514826310975,0.10588749999999987,0.003963888888888889,0.00628054583476935,0.05158590950078366,220.4349280139843,10,12,0.0,none,1.7582354166666667,6.8165,0.22446666666666668,0.7627333333333334,0.7627333333333334
120,0,cool,4.5,1.4483458333333328,0.00563716431619459,0.0038133145833333135,0.00046666666666666666,0.0005878933671262867,0.0014097904341794293,22.12380627724148,10,12,0.0,none,1.7941749999999999,7.0,0.2,0.7900666666666667,0.7900666666666667
120,0,cool,4,1.4489541666666663,0.004054744734395865,0.0019729145833333192,0.00044166666666666665,0.00046131604043936293,0.000791716157708804,26.7399663856043,10,12,0.0,none,1.7965666666666666,7.0,0.2,0.7946666666666666,0.7946666666666666
120,0,cool,3.5,1.4499708333333328,0.0006966063570386528,5.823124999999956e-05,0.00042569444444444447,2.9108041080686565e-05,5.7917967842307133e-05,3.4755588919266507,10,12,0.0,none,1.7998833333333333,7.0,0.2,0.7997666666666666,0.7997666666666666
120,0,cool,3,1.4499999999999995,4.440892098500626e-16,2.3665827156630354e-29,0.00041180555555555556,0.0,0.0,nan,10,12,0.0,none,1.8,7.0,0.2,0.8,0.8
120,0,heat,3.5,1.4497999999999998,0.0018147543451754867,0.00039519999999999714,0.0004652777777777778,0.00014355263842926017,0.0002787715446988069,12.731576091318086,10,12,0.0,none,1.7992,7.0,0.2,0.7984000000000001,0.7984000000000001
120,0,heat,4,1.4497874999999996,0.00186989583043191,0.0004195812499999971,0.0004222222222222222,0.00014882959028513366,0.00028766459919908415,13.851552591607378,10,12,0.0,none,1.7991583333333334,7.0,0.2,0.7983333333333333,0.7983333333333333
120,0,heat,4.5,1.4476270833333331,0.0060677164699516044,0.004418061979166636,0.0004583333333333333,0.0005797525000395187,0.0009156190701448102,27.32431864033444,10,12,0.0,none,1.7909583333333332,7.0,0.2,0.7835666666666667,0.7835666666666667
120,0,heat,5,1.4470354166666664,0.007123376703482827,0.006089099479166624,0.0005055555555555555,0.0008431483440368192,0.0015951690253717186,32.90787552780472,10,12,0.0,none,1.7891458333333332,7.0,0.2,0.7817666666666666,0.7817666666666666
120,0,heat,5.5,1.4450749999999999,0.00971009998232079,0.011314324999999945,0.0005409722222222222,0.0012486788958943889,0.003134612787866567,31.32176612683617,10,12,0.0,none,1.7817916666666667,7.0,0.2,0.7690333333333333,0.7690333333333333
120,0,heat,6,1.4330999999999998,0.018809564647333573,0.04245596666666652,0.0007069444444444444,0.0031224101106039613,0.006618803348469062,71.0963292699289,10,12,0.0,none,1.7482645833333335,6.9725,0.2036666666666667,0.7453666666666667,0.7453666666666667
120,0,heat,6.5,0.6436187500000001,0.13668962635837825,2.2420864744791666,0.06784444444444444,0.026482521030790292,1.3292295707266102,139.07766207591033,10,12,0.0,none,0.14435833333333334,1.2065,0.9724666666666667,0.025166666666666667,0.025166666666666667
120,0,heat,7,0.565125,0.04239347352154836,0.21566479166666663,0.13748888888888888,0.0018083944226000507,0.009405203561799651,3.8056717467550096,10,12,0.0,none,0.05581041666666667,1.0,1.0,0.0,0.0
120,0,heat,7.5,0.5287624999999999,0.04180489384396946,0.20971789791666667,0.1680701388888889,0.0018053047536809928,0.006130934011462557,2.990096042478167,10,12,0.0,none,0.04349791666666667,1.0,1.0,0.0,0.0
120,0,heat,8,0.50050625,0.042173632031344874,0.21343382864583338,0.19554305555555557,0.0014515181840143452,0.007264787301291914,2.5920788022778267,10,12,0.0,none,0.03556875,1.0,1.0,0.0,0.0
120,0,heat,9,0.4541520833333333,0.04041279787110555,0.19598330781249998,0.25012847222222223,0.001162518834256031,0.0060172928785692595,1.3517169328327256,10,12,0.0,none,0.024479166666666666,1.0,1.0,0.0,0.0
120,0,heat,10,0.41895625000000003,0.04006961168244514,0.19266885364583328,0.29946388888888886,0.0009497410587434828,0.004615820302893354,1.2517272125409982,10,12,0.0,none,0.018029166666666666,1.0,1.0,0.0,0.0
120,0,heat,12,0.3678729166666667,0.03959324212600695,0.18811497864583338,0.38206944444444446,0.000924872851349414,0.0043270163961472916,0.9154760596474105,10,12,0.0,none,0.011237500000000001,1.0,1.0,0.0,0.0
120,0,heat,15,0.31833333333333336,0.0392193794216867,0.18457916666666663,0.4753361111111111,0.0006702873719713849,0.003707677244003855,0.6554069201877475,10,12,0.0,none,0.00669375,1.0,1.0,0.0,0.0
120,0,heat,20,0.27315625,0.03760845283744585,0.16972748697916668,0.5724722222222223,0.0005082458467065349,0.0027813033227258566,0.5616032293255945,10,12,0.0,none,0.00398125,1.0,1.0,0.0,0.0
120,0,heat,30,0.2308875,0.03493382409602794,0.14644464791666667,0.6738993055555556,0.0004948110681108515,0.002828870297626013,0.49832042714370445,10,12,0.0,none,0.0022958333333333333,1.0,1.0,0.0,0.0
120,0,heat,100,0.1788020833333333,0.032484596710402616,0.12662988281250004,0.8116583333333334,0.0005301806886047868,0.0028646832443549103,0.4704780475479619,10,12,0.0,none,0.00081875,1.0,1.0,0.0,0.0
120,1,cool,100,0.17845,0.03348984506118567,0.1345883666666667,0.8123395833333333,0.0005395636009744625,0.003836369964309764,0.4815016247153282,10,12,0.0,none,0.0008791666666666667,1.0,1.0,0.0,0.0
120,1,cool,30,0.23047083333333335,0.03547153372580768,0.15098756458333337,0.67354375,0.0006153160492533481,0.0031154489022031727,0.490378134904379,10,12,0.0,none,0.002352083333333333,1.0,1.0,0.0,0.0
120,1,cool,20,0.27394166666666664,0.03762098169756989,0.16984059166666665,0.5719131944444444,0.0005913924510682876,0.003449105361302763,0.5962914987380826,10,12,0.0,none,0.004075,1.0,1.0,0.0,0.0
120,1,cool,15,0.31935833333333336,0.038520531141774825,0.17805975833333332,0.47453958333333335,0.0007864739441717785,0.0032523830555580653,0.609583470290862,10,12,0.0,none,0.0069,1.0,1.0,0.0,0.0
120,1,cool,12,0.36806666666666665,0.0391833085211888,0.1842398,0.38139097222222224,0.0007996033936492626,0.003318098847282699,0.8880329854160682,10,12,0.0,none,0.011304166666666667,1.0,1.0,0.0,0.0
120,1,cool,10,0.4194125,0.04125709513896435,0.20425774791666665,0.29908819444444446,0.0010623023607358667,0.005231462766439697,1.1957040087472037,10,12,0.0,none,0.01826875,1.0,1.0,0.0,0.0
120,1,cool,9,0.4533729166666666,0.04149332897980576,0.20660356197916663,0.2504527777777778,0.0012111354479357474,0.0062088223157510955,1.6817300046052155,10,12,0.0,none,0.024566666666666667,1.0,1.0,0.0,0.0
120,1,cool,8,0.49908541666666667,0.04194797119440211,0.2111558744791667,0.19654722222222223,0.0018018359669289418,0.009599477533624784,2.332788326083565,10,12,0.0,none,0.035097916666666666,1.0,1.0,0.0,0.0
120,1,cool,7.5,0.5282791666666667,0.043450688645290766,0.22655548125000002,0.16890694444444446,0.0013639912945396162,0.0064421630295163086,3.1990032160970356,10,12,0.0,none,0.04378125,1.0,1.0,0.0,0.0
120,1,cool,7,0.562375,0.04375140870747922,0.22970229166666664,0.13839722222222223,0.001904632486494731,0.011098579685681606,4.065720579094833,10,12,0.0,none,0.054802083333333335,1.0,1.0,0.0,0.0
120,1,cool,6.5,0.6021958333333334,0.04352646684457886,0.2273463979166667,0.10871944444444444,0.00200154729977748,0.014349556172017637,5.119832997738528,10,12,0.0,none,0.07423125,1.0,1.0,0.0,0.0
120,1,cool,6,0.6494666666666667,0.04751893189970592,0.27096586666666667,0.08030972222222223,0.003046230731812841,0.025306307249074834,11.98692984984988,10,12,0.0,none,0.10234583333333333,1.0,1.0,0.0,0.0
120,1,cool,5.5,0.9438729166666667,0.2740510974046907,9.012480478645834,0.04087986111111111,0.05718190709056396,1.7918596446812596,537.8596050432366,10,12,0.0,none,0.6381854166666667,2.65625,0.7918125,0.20048749999999999,0.11196666666666667
120,1,cool,5,1.4994604166666667,0.003045459250853809,0.0011129786458333253,2.013888888888889e-05,0.0002566263080756148,0.00050879933946832,15.163852260490525,10,12,0.0,none,1.9978416666666667,8.0,0.13333333333333333,0.9958666666666667,0.5292
120,1,cool,4.5,1.4994979166666667,0.0029653079461124635,0.001055166145833326,8.333333333333334e-06,0.00030356726911015476,0.0006218087489512173,48.552194800753675,10,12,0.0,none,1.9979916666666666,8.0,0.13333333333333333,0.9962,0.5295333333333333
120,1,cool,4,1.4991458333333332,0.0037313773708019986,0.0016707812499999885,4.166666666666667e-06,0.000491605019016486,0.0008867803152370456,60.380572088491014,10,12,0.0,none,1.9965833333333334,8.0,0.13333333333333333,0.9933,0.5266333333333333
120,1,cool,3.5,1.4999166666666668,0.0011755613316388194,0.0001658333333333321,1.388888888888889e-06,8.830880162496875e-05,0.00017382169794872377,9.810002113240134,10,12,0.0,none,1.9996666666666667,8.0,0.13333333333333333,0.9993333333333333,0.5326666666666667
120,1,cool,3,1.5,0.0,0.0,0.0,0.0,0.0,nan,10,12,0.0,none,2.0,8.0,0.13333333333333333,1.0,0.5333333333333333
120,1,heat,3.5,1.4997666666666667,0.0021362610119344217,0.0005476333333333295,6.944444444444445e-06,0.00015321663646936562,0.00035201529047221704,22.561669173469213,10,12,0.0,none,1.9990666666666668,8.0,0.13333333333333333,0.9983666666666667,0.5317000000000001
120,1,heat,4,1.4988937500000001,0.0042174195432949915,0.002134395312499984,9.722222222222223e-06,0.0005082770071935571,0.0008904261409656688,40.18337392058725,10,12,0.0,none,1.9955749999999999,8.0,0.13333333333333333,0.9913333333333333,0.5246666666666667
120,1,heat,4.5,1.499475,0.0030565389831565203,0.0011210916666666594,1.388888888888889e-05,0.00022905575664623095,0.0004972196982216403,15.229356810064816,10,12,0.0,none,1.9979,8.0,0.13333333333333333,0.9960333333333333,0.5293666666666667
120,1,heat,5,1.4990229166666669,0.0041416116486955885,0.002058353645833319,2.2222222222222223e-05,0.0005004831356597697,0.001023288221403451,29.931790764804678,10,12,0.0,none,1.9960916666666668,8.0,0.13333333333333333,0.9927666666666667,0.5261
120,1,heat,5.5,1.4974104166666669,0.0068904343794495195,0.005697370312499986,5.4166666666666664e-05,0.0010436766519137885,0.0020749481132846417,67.39821496547947,10,12,0.0,none,1.9896416666666668,8.0,0.13333333333333333,0.9799666666666667,0.5133
120,1,heat,6,1.4940833333333334,0.011706479687193176,0.016444999999999974,0.00010833333333333333,0.0014663349854301773,0.006357324384252504,29.895119113426876,10,12,0.0,none,1.9771416666666668,7.97575,0.13616250000000002,0.9610375,0.49720000000000003
120,1,heat,6.5,1.4903770833333336,0.014869344016904568,0.02653168697916668,0.0002798611111111111,0.002508134196774128,0.008086620429561433,51.073165399738905,10,12,0.0,none,1.9615083333333334,8.0,0.13333333333333333,0.9312333333333334,0.46456666666666663
120,1,heat,7,1.4896312500000002,0.015094820527943795,0.027342432812500005,0.0002326388888888889,0.0019313648108402668,0.005329001838230429,39.95477140083032,10,12,0.0,none,1.9591041666666666,7.983,0.13531666666666667,0.92755,0.46286666666666665
120,1,heat,7.5,0.7300395833333333,0.3632111345956658,15.830679395312501,0.08542777777777778,0.07999374129312616,4.693717940500545,352.4103762028444,10,12,0.0,none,0.42706875,2.3695,0.8310666666666666,0.1744,0.07873333333333334
120,1,heat,8,0.50224375,0.040790159520591215,0.19966045364583337,0.19530347222222222,0.0016788445122935965,0.007069170651096598,2.1092828320550994,10,12,0.0,none,0.035993750000000005,1.0,1.0,0.0,0.0
120,1,heat,9,0.4554270833333333,0.04216133319159933,0.21330936197916664,0.25045,0.0012966787567653462,0.0064749751807344,1.688993208169711,10,12,0.0,none,0.02528333333333333,1.0,1.0,0.0,0.0
120,1,heat,10,0.4189333333333333,0.04072307904206982,0.1990043,0.3001652777777778,0.0008788167263665743,0.0035753417040525924,1.205842937818411,10,12,0.0,none,0.017933333333333336,1.0,1.0,0.0,0.0
120,1,heat,12,0.36760624999999997,0.03973614139746992,0.1894753119791667,0.38252152777777776,0.0008125954089708823,0.00398617188804847,0.8481957813541713,10,12,0.0,none,0.011414583333333334,1.0,1.0,0.0,0.0
120,1,heat,15,0.3181625,0.03866188884813512,0.17936899791666663,0.47527708333333335,0.0006912293535192702,0.0038630866693442007,0.611077602091261,10,12,0.0,none,0.006904166666666667,1.0,1.0,0.0,0.0
120,1,heat,20,0.2731041666666667,0.03681809993249093,0.16266869791666666,0.5719048611111112,0.0005673222132796779,0.0028361432810766287,0.5503891047603048,10,12,0.0,none,0.003985416666666667,1.0,1.0,0.0,0.0
120,1,heat,30,0.22981458333333335,0.03521408230924021,0.14880379114583334,0.67421875,0.0005987870978271868,0.003158655069923251,0.4666947404089216,10,12,0.0,none,0.00218125,1.0,1.0,0.0,0.0
120,1,heat,100,0.17785833333333334,0.03297658154744903,0.13049459166666671,0.8119875,0.0006329733919472408,0.0032762575968036324,0.5152685914450235,10,12,0.0,none,0.0009979166666666667,1.0,1.0,0.0,0.0
120,2,cool,100,0.1779041666666667,0.03213583123719621,0.12392539791666671,0.8125048611111111,0.0004807877935359793,0.0030541395470949505,0.463093304522531,10,12,0.0,none,0.0009479166666666667,1.0,1.0,0.0,0.0
120,2,cool,30,0.23070208333333334,0.03560299216660417,0.15210876614583335,0.6728222222222222,0.0007013162365232313,0.0029616755550154004,0.5176662306596458,10,12,0.0,none,0.002227083333333333,1.0,1.0,0.0,0.0
120,2,cool,20,0.2728145833333333,0.037024274073366004,0.16449562447916663,0.5727798611111111,0.0005879833841780281,0.0037705247361197536,0.53761304483338,10,12,0.0,none,0.00395625,1.0,1.0,0.0,0.0
120,2,cool,15,0.31803125,0.038121184633769505,0.1743869661458333,0.4745770833333333,0.0006209255660095714,0.0036297092167205535,0.6504168719244897,10,12,0.0,none,0.0064979166666666675,1.0,1.0,0.0,0.0
120,2,cool,12,0.36685833333333334,0.03935590012945963,0.18586642500000006,0.3819236111111111,0.0008958362865358301,0.0037263510149797984,0.9070261971230676,10,12,0.0,none,0.010647916666666667,1.0,1.0,0.0,0.0
120,2,cool,10,0.41945416666666663,0.04082066959240407,0.1999592479166666,0.2989354166666667,0.0008081509356498123,0.005472151974468441,1.156562604972572,10,12,0.0,none,0.018364583333333333,1.0,1.0,0.0,0.0
120,2,cool,9,0.45442916666666666,0.041393695633446935,0.20561256458333327,0.2504513888888889,0.0011440235786650843,0.005841127028907661,1.560620274592679,10,12,0.0,none,0.02475,1.0,1.0,0.0,0.0
120,2,cool,8,0.49918333333333326,0.04105923566426113,0.20230330000000002,0.19779097222222222,0.001648411976047789,0.005783443539979461,2.237576972650383,10,12,0.0,none,0.03470416666666667,1.0,1.0,0.0,0.0
120,2,cool,7.5,0.5291958333333334,0.04213939149978583,0.2130873979166667,0.16719444444444445,0.0014066663675207033,0.009111851508475129,2.892219490522314,10,12,0.0,none,0.04426041666666667,1.0,1.0,0.0,0.0
120,2,cool,7,0.5631666666666666,0.042199591888495265,0.21369666666666662,0.13821180555555557,0.0017688064154528656,0.008673440181399211,3.8460743655339003,10,12,0.0,none,0.05686875,1.0,1.0,0.0,0.0
120,2,cool,6.5,0.6090958333333333,0.04694421020240705,0.26445106458333334,0.10525208333333333,0.0031778088691672935,0.016051769752963383,9.321076376681262,10,12,0.0,none,0.07889791666666666,1.0,1.0,0.0,0.0
120,2,cool,6,0.6531645833333333,0.04406477235078367,0.23300449947916668,0.07884722222222222,0.0022774829880257163,0.013332644635086262,9.528481289310534,10,12,0.0,none,0.10223541666666666,1.0,1.0,0.0,0.0
120,2,cool,5.5,0.7746979166666667,0.12197106212401253,1.7852327994791666,0.04428125,0.025225146343969006,0.6888591688856537,254.3487713846652,10,12,0.0,none,0.25874583333333334,1.1885,0.9755916666666666,0.023341666666666667,0.018266666666666667
120,2,cool,5,1.410191666666667,0.019442348895016684,0.04536059166666678,0.00385,0.00382269168587764,0.016373122982326557,310.059512419162,10,12,0.0,none,1.69785625,6.89075,0.23123333333333335,0.7538666666666667,0.6372
120,2,cool,4.5,1.4203875000000004,0.009170975313152073,0.01009281458333337,0.0005451388888888888,0.0016376989747379398,0.0039973803567141045,70.32856453129327,10,12,0.0,none,1.7165354166666666,7.0,0.21666666666666667,0.7785333333333334,0.6618666666666667
120,2,cool,4,1.4229354166666672,0.004574764243318381,0.002511416145833328,0.00048125,0.0008160096676987553,0.0009558377792696494,118.68928768506355,10,12,0.0,none,1.7290270833333332,7.0,0.21666666666666667,0.7826666666666667,0.666
120,2,cool,3.5,1.4243916666666672,0.0021678041885742276,0.0005639249999999958,0.0005430555555555555,0.0002240154190811804,0.00019009291292727042,28.41602908588884,10,12,0.0,none,1.7274333333333334,7.0,0.21666666666666667,0.7833333333333333,0.6666666666666666
120,2,cool,3,1.424770833333334,0.0013627930367855192,0.00022286458333333175,0.0004333333333333333,0.0001523326155617947,0.000142078113159778,26.785104386466614,10,12,0.0,none,1.7310333333333332,7.0,0.21666666666666667,0.7833333333333333,0.6666666666666666
120,2,heat,3.5,1.4248895833333337,0.0009528625549422669,0.00010895364583333256,0.0005152777777777778,9.559224920275906e-05,9.210412292788563e-05,20.90075388935056,10,12,0.0,none,1.7301291666666667,7.0,0.21666666666666667,0.7833333333333333,0.6666666666666666
120,2,heat,4,1.4221041666666672,0.005747848329302592,0.0039645312499999915,0.0004729166666666667,0.001018348889167879,0.0016234130407528555,83.61169793484979,10,12,0.0,none,1.72493125,7.0,0.21666666666666667,0.7832666666666667,0.6666000000000001
120,2,heat,4.5,1.4190708333333337,0.009649293835705189,0.01117306458333338,0.0006111111111111111,0.0018952985284316365,0.0032999622185112317,192.17127099096214,10,12,0.0,none,1.7170208333333332,7.0,0.21666666666666667,0.7809,0.6642333333333333
120,2,heat,5,1.4125145833333337,0.012644984011841337,0.01918747447916676,0.0006409722222222222,0.001739009578410142,0.0033131379658259165,86.11379996239036,10,12,0.0,none,1.7023333333333333,7.0,0.21666666666666667,0.7656333333333334,0.6489666666666667
120,2,heat,5.5,1.4177333333333335,0.01028117211216699,0.012684300000000034,0.0007284722222222223,0.0014270054388717285,0.003136187262323831,61.31114178547266,10,12,0.0,none,1.7087833333333333,7.0,0.21666666666666667,0.7579999999999999,0.6413333333333333
120,2,heat,6,1.3242895833333332,0.11929887259569626,1.7078665203125,0.0029979166666666665,0.02529239138938982,0.45801606270037876,372.8043226437683,10,12,0.0,none,1.4806979166666667,6.0915,0.33315416666666664,0.6209791666666666,0.5368333333333334
120,2,heat,6.5,0.6044895833333332,0.047027620753290054,0.26539165364583334,0.10718611111111111,0.003155295931080153,0.025369200742011322,9.214348739449632,10,12,0.0,none,0.07591458333333333,1.0,1.0,0.0,0.0
120,2,heat,7,0.5602229166666666,0.04289913431325146,0.22084028697916666,0.13850972222222221,0.0013096316048214571,0.009976164921451985,4.759053810783877,10,12,0.0,none,0.05530625,1.0,1.0,0.0,0.0
120,2,heat,7.5,0.52891875,0.042424454865793174,0.21598012447916667,0.16714722222222222,0.0018053488534989165,0.005081585494730234,2.7415407046822184,10,12,0.0,none,0.044512499999999997,1.0,1.0,0.0,0.0
120,2,heat,8,0.5016416666666667,0.04165474079328253,0.2082140916666667,0.19598333333333334,0.0012817524644220808,0.00510563508914948,2.5345910247131855,10,12,0.0,none,0.03600833333333333,1.0,1.0,0.0,0.0
120,2,heat,9,0.45476250000000007,0.041688234209759686,0.20854906458333333,0.25103125,0.0010775936584311236,0.0050901155853538245,1.7595886479776222,10,12,0.0,none,0.024745833333333335,1.0,1.0,0.0,0.0
120,2,heat,10,0.41860416666666667,0.041150927954637644,0.20320786458333331,0.29996319444444447,0.0009601158741194262,0.004719140435078074,1.2550783075601197,10,12,0.0,none,0.018604166666666665,1.0,1.0,0.0,0.0
120,2,heat,12,0.3664,0.0390969912170006,0.1834289666666667,0.3843715277777778,0.0009527370412250302,0.004876358752801634,0.7954255390274839,10,12,0.0,none,0.011335416666666666,1.0,1.0,0.0,0.0
120,2,heat,15,0.31886041666666665,0.03881039150427727,0.1807495786458333,0.47449166666666664,0.0006163964877025862,0.0037150173685966616,0.6512041823435358,10,12,0.0,none,0.006816666666666666,1.0,1.0,0.0,0.0
120,2,heat,20,0.2715479166666667,0.0379593596069643,0.17290955781249998,0.5738194444444444,0.0007398235785734301,0.0033474847304048056,0.5523319509826617,10,12,0.0,none,0.0040145833333333335,1.0,1.0,0.0,0.0
120,2,heat,30,0.2304979166666667,0.03567647834036921,0.15273733281250002,0.6736902777777778,0.0007058543434004091,0.003249291639201113,0.5368220144295521,10,12,0.0,none,0.0022458333333333336,1.0,1.0,0.0,0.0
120,2,heat,100,0.17824375,0.03321461613245574,0.13238528697916668,0.8120618055555555,0.0005079558567564659,0.004250230952228204,0.5021198193691843,10,12,0.0,none,0.00090625,1.0,1.0,0.0,0.0
120,3,cool,100,0.17876458333333334,0.03264728585100912,0.12790143281250002,0.8118805555555556,0.0004014423707041,0.0024506181848737946,0.48804517574510514,10,12,0.0,none,0.001,1.0,1.0,0.0,0.0
120,3,cool,30,0.2304104166666667,0.034701829560217556,0.1445060369791667,0.6731645833333333,0.0005580424864350969,0.003304266363506469,0.4972386168702532,10,12,0.0,none,0.002191666666666667,1.0,1.0,0.0,0.0
120,3,cool,20,0.273075,0.037233906851745276,0.16636365833333328,0.57271875,0.0004785756731314238,0.0030437265610144992,0.5199266094621668,10,12,0.0,none,0.00413125,1.0,1.0,0.0,0.0
120,3,cool,15,0.31821875,0.03860417088280243,0.17883384114583328,0.4738659722222222,0.0007229347925081111,0.0035824512621819285,0.6319554683670225,10,12,0.0,none,0.006691666666666667,1.0,1.0,0.0,0.0
120,3,cool,12,0.3678125,0.04022557380814405,0.19417161458333337,0.3815541666666667,0.0007182266154293585,0.003906662379270988,0.9071294840663441,10,12,0.0,none,0.011364583333333334,1.0,1.0,0.0,0.0
120,3,cool,10,0.41742499999999993,0.04038290600269156,0.19569349166666664,0.2989451388888889,0.0012064845432526827,0.00612623138310457,1.2174397412718085,10,12,0.0,none,0.018158333333333332,1.0,1.0,0.0,0.0
120,3,cool,9,0.4538333333333333,0.04120907060344846,0.2037825,0.25117569444444443,0.0011996552466215116,0.0050272712036040414,1.6428488781180512,10,12,0.0,none,0.02451875,1.0,1.0,0.0,0.0
120,3,cool,8,0.50109375,0.04340820729928271,0.22611269531250006,0.19624166666666668,0.0016369352334808817,0.009536520051739572,2.57239282201592,10,12,0.0,none,0.03575625,1.0,1.0,0.0,0.0
120,3,cool,7.5,0.5265291666666667,0.04267067669144181,0.21849439791666667,0.16915763888888888,0.0016204877796333341,0.007605504281955885,2.9099887427047366,10,12,0.0,none,0.0431375,1.0,1.0,0.0,0.0
120,3,cool,7,0.5629229166666666,0.04392577738948775,0.23153687031249998,0.13814861111111112,0.0017998361706453182,0.011443254337355891,4.172111438283737,10,12,0.0,none,0.05656041666666667,1.0,1.0,0.0,0.0
120,3,cool,6.5,0.6040541666666666,0.04433679321555506,0.23589014791666668,0.10841875,0.0020124286564476433,0.012392122636656748,6.379705680890736,10,12,0.0,none,0.07578958333333333,1.0,1.0,0.0,0.0
120,3,cool,6,0.6570229166666667,0.04886561961524631,0.2865418536458334,0.07913958333333333,0.00366686982260112,0.015727357263657808,10.204680599589814,10,12,0.0,none,0.10858125,1.0,1.0,0.0,0.0
120,3,cool,5.5,0.9681562499999999,0.14318689186725217,2.4602983203125,0.03308958333333333,0.030353377681464237,0.5173444386681086,373.8908926783559,10,12,0.0,none,0.64224375,2.588,0.7998041666666666,0.19119583333333334,0.11043333333333334
120,3,cool,5,1.4068562500000004,0.02794753571612651,0.09372777031250004,0.00191875,0.006067381509067994,0.017121798763244853,234.28338066651645,10,12,0.0,none,1.6778291666666665,6.59525,0.27444583333333333,0.7207208333333334,0.5773666666666667
120,3,cool,4.5,1.4408541666666665,0.0035890821133914693,0.001545781249999989,0.0005097222222222222,0.00035146144446357886,0.0006284867797677942,33.365454380374985,10,12,0.0,none,1.7637333333333334,7.0,0.23333333333333334,0.7614333333333333,0.5281
120,3,cool,4,1.4414583333333333,0.0018517071702740745,0.0004114583333333304,0.0005104166666666666,0.00018265229262177907,0.000352591608784509,20.341206404928624,10,12,0.0,none,1.7658333333333334,7.0,0.23333333333333334,0.765,0.5316666666666666
120,3,cool,3.5,1.4416666666666664,2.220446049250313e-16,5.9164567891575885e-30,0.00047013888888888886,0.0,0.0,nan,10,12,0.0,none,1.7666666666666666,7.0,0.23333333333333334,0.7666666666666667,0.5333333333333333
120,3,cool,3,1.4416666666666664,2.220446049250313e-16,5.9164567891575885e-30,0.0004951388888888889,0.0,0.0,nan,10,12,0.0,none,1.7666666666666666,7.0,0.23333333333333334,0.7666666666666667,0.5333333333333333
120,3,heat,3.5,1.4416666666666664,2.220446049250313e-16,5.9164567891575885e-30,0.0004729166666666667,0.0,0.0,nan,10,12,0.0,none,1.7666666666666666,7.0,0.23333333333333334,0.7666666666666667,0.5333333333333333
120,3,heat,4,1.4409958333333335,0.0032757500201395667,0.0012876645833333248,0.0004965277777777778,0.0003771857573604026,0.0006809997401071079,33.998953834290454,10,12,0.0,none,1.76415,7.0,0.23333333333333334,0.7619666666666667,0.5286333333333333
120,3,heat,4.5,1.4406458333333332,0.004269511990718465,0.00218744791666665,0.00048680555555555554,0.00042597944036197393,0.0009639010023054454,18.587332025844358,10,12,0.0,none,1.7627666666666668,7.0,0.23333333333333334,0.7599,0.5265666666666667
120,3,heat,5,1.43975,0.005786118445613299,0.004017499999999975,0.0005340277777777778,0.0005746401376320306,0.0012529892378981694,19.48057702793715,10,12,0.0,none,1.75955,7.0,0.23333333333333334,0.7539,0.5205666666666667
120,3,heat,5.5,1.4369354166666668,0.008685915872756923,0.009053416145833278,0.0005708333333333333,0.0010893022062040069,0.0018440179214253974,31.69327328922253,10,12,0.0,none,1.7521833333333334,7.0,0.23333333333333334,0.7483666666666667,0.5150333333333333
120,3,heat,6,1.4276520833333335,0.016163158849465505,0.03134972447916661,0.0007194444444444444,0.0019987716595788025,0.006976570952479828,40.31400526496371,10,12,0.0,none,1.7244416666666667,7.0,0.23333333333333334,0.7152,0.48186666666666667
120,3,heat,6.5,0.6817583333333332,0.1989145508545483,4.748039825000001,0.06374027777777778,0.04369552133249041,2.3387427446976097,243.56945036616554,10,12,0.0,none,0.21887291666666667,1.45225,0.9438875,0.05547916666666666,0.026166666666666668
120,3,heat,7,0.5634020833333334,0.04414605017053873,0.23386484947916666,0.13662152777777778,0.001676782537704279,0.008985843940659363,4.506933694046496,10,12,0.0,none,0.05677083333333333,1.0,1.0,0.0,0.0
120,3,heat,7.5,0.5284520833333334,0.04263796799923944,0.2181595578125,0.16860972222222223,0.0015929115075064653,0.008513758529202792,2.566850787787909,10,12,0.0,none,0.04405833333333333,1.0,1.0,0.0,0.0
120,3,heat,8,0.49984375,0.04169948577279194,0.20866165364583333,0.19615,0.001608626823799273,0.008013352958056032,2.0345093828551875,10,12,0.0,none,0.03510833333333333,1.0,1.0,0.0,0.0
120,3,heat,9,0.45744583333333333,0.042044666848682084,0.21213048124999997,0.24841180555555556,0.0009546082854570208,0.00661973790248885,1.6682382706796532,10,12,0.0,none,0.025252083333333335,1.0,1.0,0.0,0.0
120,3,heat,10,0.41959375,0.04085405378830233,0.20028644531249998,0.2989368055555556,0.0008168097061276307,0.004899923345997082,1.1892383471421972,10,12,0.0,none,0.01848125,1.0,1.0,0.0,0.0
120,3,heat,12,0.36731875,0.04024243108397666,0.1943343911458333,0.38200694444444444,0.000781602546632736,0.003882693450591314,0.8613909236549958,10,12,0.0,none,0.011270833333333334,1.0,1.0,0.0,0.0
120,3,heat,15,0.31876250000000006,0.039240840889945255,0.18478123124999996,0.47410555555555556,0.0006285786431367524,0.0037384418849192094,0.6450662224441638,10,12,0.0,none,0.00671875,1.0,1.0,0.0,0.0
120,3,heat,20,0.2728666666666667,0.03771416989821082,0.17068303333333332,0.5736875,0.0005990356836865923,0.0028110897700915566,0.5350310188757367,10,12,0.0,none,0.0038750000000000004,1.0,1.0,0.0,0.0
120,3,heat,30,0.23017083333333335,0.035453882162841725,0.15083733125,0.6743229166666667,0.0005111496582290149,0.0027099052522165747,0.5289886966854359,10,12,0.0,none,0.0022,1.0,1.0,0.0,0.0
120,3,heat,100,0.17793124999999999,0.03234259096151956,0.12552518281250002,0.8123194444444445,0.0005613460632958758,0.002248242973482856,0.498197461244846,10,12,0.0,none,0.0009708333333333334,1.0,1.0,0.0,0.0
