N,lam,class_id,squares,surplus,pieces,in_babies,H,above_ground,way_out,is_dip
18,1.0,0,18,0,1,0,0.0,0.0,0.0,False
18,1.0,1,18,0,1,0,0.0,0.0,0.0,False
18,1.0,2,18,4,1,0,16.0,16.0,-16.0,False
18,1.0,3,18,2,1,0,8.0,8.0,-8.0,False
18,1.0,4,18,6,1,0,24.0,24.0,-8.0,False
18,1.0,5,19,8,1,0,16.0,16.0,-8.0,False
18,1.0,6,19,10,1,0,24.0,24.0,-16.0,False
18,1.0,7,19,7,1,0,12.0,12.0,-12.0,False
18,1.0,8,20,11,1,0,12.0,12.0,-8.0,False
18,1.0,9,20,10,1,0,8.0,8.0,-8.0,False
18,1.0,10,20,10,1,0,8.0,8.0,-8.0,False
18,1.0,11,19,9,1,0,20.0,20.0,-12.0,False
18,1.0,12,20,10,1,0,8.0,8.0,-8.0,False
18,1.0,13,19,9,1,0,20.0,20.0,-16.0,False
18,1.0,14,21,14,1,0,8.0,8.0,-8.0,False
18,1.0,15,21,13,1,0,4.0,4.0,-4.0,False
18,1.0,16,19,8,1,0,16.0,16.0,-8.0,False
18,1.0,17,21,12,1,0,0.0,0.0,4.0,True
18,1.0,18,20,11,1,0,12.0,12.0,-12.0,False
18,1.0,19,20,12,1,0,16.0,16.0,-8.0,False
18,1.0,20,22,16,1,0,0.0,0.0,4.0,True
18,1.0,21,20,12,1,0,16.0,16.0,-16.0,False
18,1.0,22,18,8,1,0,32.0,32.0,-16.0,False
18,1.0,23,18,9,1,0,36.0,36.0,-16.0,False
18,1.0,24,18,4,1,0,16.0,16.0,-16.0,False
18,1.0,25,18,0,1,0,0.0,0.0,0.0,False
18,1.05,0,18,0,1,0,0.0,0.0,0.0,False
18,1.05,1,18,0,1,0,0.0,0.0,0.0,False
18,1.05,2,18,4,1,0,16.8,16.8,-16.8,False
18,1.05,3,18,2,1,0,8.4,8.4,-8.4,False
18,1.05,4,18,6,1,0,25.200000000000003,25.200000000000003,-8.400000000000002,False
18,1.05,5,19,8,1,0,17.6,17.6,-9.200000000000001,False
18,1.05,6,19,10,1,0,26.0,26.0,-15.199999999999996,False
18,1.05,7,19,7,1,0,13.400000000000002,13.400000000000002,-10.999999999999996,False
18,1.05,8,20,11,1,0,14.200000000000003,14.200000000000003,-7.600000000000001,False
18,1.05,9,20,10,1,0,10.0,10.0,-7.599999999999994,False
18,1.05,10,20,10,1,0,10.0,10.0,-7.599999999999994,False
18,1.05,11,19,9,1,0,21.800000000000004,21.800000000000004,-11.800000000000004,False
18,1.05,12,20,10,1,0,10.0,10.0,-7.599999999999994,False
18,1.05,13,19,9,1,0,21.800000000000004,21.800000000000004,-15.200000000000003,False
18,1.05,14,21,14,1,0,10.800000000000004,10.800000000000004,-8.399999999999999,False
18,1.05,15,21,13,1,0,6.600000000000001,6.600000000000001,-4.199999999999996,False
18,1.05,16,19,8,1,0,17.6,17.6,-7.600000000000001,False
18,1.05,17,21,12,1,0,2.4000000000000057,2.4000000000000057,4.199999999999996,True
18,1.05,18,20,11,1,0,14.200000000000003,14.200000000000003,-11.799999999999997,False
18,1.05,19,20,12,1,0,18.400000000000006,18.400000000000006,-7.600000000000001,False
18,1.05,20,22,16,1,0,3.200000000000003,3.200000000000003,3.3999999999999986,True
18,1.05,21,20,12,1,0,18.400000000000006,18.400000000000006,-15.200000000000003,False
18,1.05,22,18,8,1,0,33.6,33.6,-16.8,False
18,1.05,23,18,9,1,0,37.800000000000004,37.800000000000004,-16.0,False
18,1.05,24,18,4,1,0,16.8,16.8,-16.8,False
18,1.05,25,18,0,1,0,0.0,0.0,0.0,False
18,1.1,0,18,0,1,0,0.0,0.0,0.0,False
18,1.1,1,18,0,1,0,0.0,0.0,0.0,False
18,1.1,2,18,4,1,0,17.6,17.6,-17.6,False
18,1.1,3,18,2,1,0,8.8,8.8,-8.8,False
18,1.1,4,18,6,1,0,26.400000000000002,26.400000000000002,-8.8,False
18,1.1,5,19,8,1,0,19.200000000000003,19.200000000000003,-10.400000000000002,False
18,1.1,6,19,10,1,0,28.0,28.0,-14.399999999999991,False
18,1.1,7,19,7,1,0,14.800000000000004,14.800000000000004,-10.0,False
18,1.1,8,20,11,1,0,16.400000000000006,16.400000000000006,-7.200000000000003,False
18,1.1,9,20,10,1,0,12.0,12.0,-7.199999999999996,False
18,1.1,10,20,10,1,0,12.0,12.0,-7.199999999999996,False
18,1.1,11,19,9,1,0,23.6,23.6,-11.600000000000001,False
18,1.1,12,20,10,1,0,12.0,12.0,-7.199999999999996,False
18,1.1,13,19,9,1,0,23.6,23.6,-14.399999999999999,False
18,1.1,14,21,14,1,0,13.600000000000009,13.600000000000009,-8.800000000000004,False
18,1.1,15,21,13,1,0,9.200000000000003,9.200000000000003,-4.399999999999999,False
18,1.1,16,19,8,1,0,19.200000000000003,19.200000000000003,-7.200000000000003,False
18,1.1,17,21,12,1,0,4.800000000000004,4.800000000000004,4.399999999999999,True
18,1.1,18,20,11,1,0,16.400000000000006,16.400000000000006,-11.600000000000001,False
18,1.1,19,20,12,1,0,20.800000000000004,20.800000000000004,-7.199999999999996,False
18,1.1,20,22,16,1,0,6.400000000000006,6.400000000000006,2.799999999999997,True
18,1.1,21,20,12,1,0,20.800000000000004,20.800000000000004,-14.399999999999999,False
18,1.1,22,18,8,1,0,35.2,35.2,-17.6,False
18,1.1,23,18,9,1,0,39.6,39.6,-16.0,False
18,1.1,24,18,4,1,0,17.6,17.6,-17.6,False
18,1.1,25,18,0,1,0,0.0,0.0,0.0,False
18,1.15,0,18,0,1,0,0.0,0.0,0.0,False
18,1.15,1,18,0,1,0,0.0,0.0,0.0,False
18,1.15,2,18,4,1,0,18.4,18.4,-18.4,False
18,1.15,3,18,2,1,0,9.2,9.2,-9.2,False
18,1.15,4,18,6,1,0,27.599999999999998,27.599999999999998,-9.2,False
18,1.15,5,19,8,1,0,20.799999999999997,20.799999999999997,-11.599999999999998,False
18,1.15,6,19,10,1,0,30.0,30.0,-13.800000000000004,False
18,1.15,7,19,7,1,0,16.199999999999996,16.199999999999996,-9.0,False
18,1.15,8,20,11,1,0,18.599999999999994,18.599999999999994,-6.799999999999997,False
18,1.15,9,20,10,1,0,14.0,14.0,-6.800000000000004,False
18,1.15,10,20,10,1,0,14.0,14.0,-6.800000000000004,False
18,1.15,11,19,9,1,0,25.4,25.4,-11.399999999999999,False
18,1.15,12,20,10,1,0,14.0,14.0,-6.800000000000004,False
18,1.15,13,19,9,1,0,25.4,25.4,-13.600000000000001,False
18,1.15,14,21,14,1,0,16.39999999999999,16.39999999999999,-9.199999999999996,False
18,1.15,15,21,13,1,0,11.799999999999997,11.799999999999997,-4.600000000000001,False
18,1.15,16,19,8,1,0,20.799999999999997,20.799999999999997,-6.799999999999997,False
18,1.15,17,21,12,1,0,7.199999999999996,7.199999999999996,4.600000000000001,True
18,1.15,18,20,11,1,0,18.599999999999994,18.599999999999994,-11.399999999999999,False
18,1.15,19,20,12,1,0,23.199999999999996,23.199999999999996,-6.800000000000004,False
18,1.15,20,22,16,1,0,9.599999999999994,9.599999999999994,2.200000000000003,True
18,1.15,21,20,12,1,0,23.199999999999996,23.199999999999996,-13.600000000000001,False
18,1.15,22,18,8,1,0,36.8,36.8,-18.4,False
18,1.15,23,18,9,1,0,41.4,41.4,-16.0,False
18,1.15,24,18,4,1,0,18.4,18.4,-18.4,False
18,1.15,25,18,0,1,0,0.0,0.0,0.0,False
18,1.2,0,18,0,1,0,0.0,0.0,0.0,False
18,1.2,1,18,0,1,0,0.0,0.0,0.0,False
18,1.2,2,18,4,1,0,19.2,19.2,-19.2,False
18,1.2,3,18,2,1,0,9.6,9.6,-9.6,False
18,1.2,4,18,6,1,0,28.799999999999997,28.799999999999997,-9.599999999999998,False
18,1.2,5,19,8,1,0,22.4,22.4,-12.799999999999999,False
18,1.2,6,19,10,1,0,32.0,32.0,-14.399999999999999,False
18,1.2,7,19,7,1,0,17.6,17.6,-8.000000000000007,False
18,1.2,8,20,11,1,0,20.799999999999997,20.799999999999997,-6.399999999999999,False
18,1.2,9,20,10,1,0,16.0,16.0,-6.400000000000006,False
18,1.2,10,20,10,1,0,16.0,16.0,-6.400000000000006,False
18,1.2,11,19,9,1,0,27.199999999999996,27.199999999999996,-11.199999999999996,False
18,1.2,12,20,10,1,0,16.0,16.0,-6.400000000000006,False
18,1.2,13,19,9,1,0,27.199999999999996,27.199999999999996,-12.799999999999997,False
18,1.2,14,21,14,1,0,19.200000000000003,19.200000000000003,-9.600000000000009,False
18,1.2,15,21,13,1,0,14.399999999999999,14.399999999999999,-4.800000000000004,False
18,1.2,16,19,8,1,0,22.4,22.4,-6.399999999999999,False
18,1.2,17,21,12,1,0,9.599999999999994,9.599999999999994,4.800000000000004,True
18,1.2,18,20,11,1,0,20.799999999999997,20.799999999999997,-11.200000000000003,False
18,1.2,19,20,12,1,0,25.599999999999994,25.599999999999994,-6.3999999999999915,False
18,1.2,20,22,16,1,0,12.799999999999997,12.799999999999997,1.6000000000000014,True
18,1.2,21,20,12,1,0,25.599999999999994,25.599999999999994,-12.799999999999997,False
18,1.2,22,18,8,1,0,38.4,38.4,-19.2,False
18,1.2,23,18,9,1,0,43.199999999999996,43.199999999999996,-16.0,False
18,1.2,24,18,4,1,0,19.2,19.2,-19.2,False
18,1.2,25,18,0,1,0,0.0,0.0,0.0,False
18,1.25,0,18,0,1,0,0.0,0.0,0.0,False
18,1.25,1,18,0,1,0,0.0,0.0,0.0,False
18,1.25,2,18,4,1,0,20.0,20.0,-20.0,False
18,1.25,3,18,2,1,0,10.0,10.0,-10.0,False
18,1.25,4,18,6,1,0,30.0,30.0,-10.0,False
18,1.25,5,19,8,1,0,24.0,24.0,-14.0,False
18,1.25,6,19,10,1,0,34.0,34.0,-15.0,False
18,1.25,7,19,7,1,0,19.0,19.0,-7.0,False
18,1.25,8,20,11,1,0,23.0,23.0,-6.0,False
18,1.25,9,20,10,1,0,18.0,18.0,-6.0,False
18,1.25,10,20,10,1,0,18.0,18.0,-6.0,False
18,1.25,11,19,9,1,0,29.0,29.0,-11.0,False
18,1.25,12,20,10,1,0,18.0,18.0,-6.0,False
18,1.25,13,19,9,1,0,29.0,29.0,-12.0,False
18,1.25,14,21,14,1,0,22.0,22.0,-10.0,False
18,1.25,15,21,13,1,0,17.0,17.0,-5.0,False
18,1.25,16,19,8,1,0,24.0,24.0,-6.0,False
18,1.25,17,21,12,1,0,12.0,12.0,5.0,True
18,1.25,18,20,11,1,0,23.0,23.0,-11.0,False
18,1.25,19,20,12,1,0,28.0,28.0,-6.0,False
18,1.25,20,22,16,1,0,16.0,16.0,1.0,True
18,1.25,21,20,12,1,0,28.0,28.0,-12.0,False
18,1.25,22,18,8,1,0,40.0,40.0,-20.0,False
18,1.25,23,18,9,1,0,45.0,45.0,-16.0,False
18,1.25,24,18,4,1,0,20.0,20.0,-20.0,False
18,1.25,25,18,0,1,0,0.0,0.0,0.0,False
18,1.3,0,18,0,1,0,0.0,0.0,0.0,False
18,1.3,1,18,0,1,0,0.0,0.0,0.0,False
18,1.3,2,18,4,1,0,20.8,20.8,-20.8,False
18,1.3,3,18,2,1,0,10.4,10.4,-10.4,False
18,1.3,4,18,6,1,0,31.200000000000003,31.200000000000003,-10.400000000000002,False
18,1.3,5,19,8,1,0,25.6,25.6,-15.200000000000001,False
18,1.3,6,19,10,1,0,36.0,36.0,-15.600000000000001,False
18,1.3,7,19,7,1,0,20.4,20.4,-5.999999999999993,False
18,1.3,8,20,11,1,0,25.200000000000003,25.200000000000003,-5.599999999999994,False
18,1.3,9,20,10,1,0,20.0,20.0,-5.599999999999994,False
18,1.3,10,20,10,1,0,20.0,20.0,-5.599999999999994,False
18,1.3,11,19,9,1,0,30.800000000000004,30.800000000000004,-10.800000000000004,False
18,1.3,12,20,10,1,0,20.0,20.0,-5.599999999999994,False
18,1.3,13,19,9,1,0,30.800000000000004,30.800000000000004,-11.199999999999996,False
18,1.3,14,21,14,1,0,24.799999999999997,24.799999999999997,-10.399999999999991,False
18,1.3,15,21,13,1,0,19.60000000000001,19.60000000000001,-5.200000000000003,False
18,1.3,16,19,8,1,0,25.6,25.6,-5.600000000000001,False
18,1.3,17,21,12,1,0,14.400000000000006,14.400000000000006,5.200000000000003,True
18,1.3,18,20,11,1,0,25.200000000000003,25.200000000000003,-10.799999999999997,False
18,1.3,19,20,12,1,0,30.400000000000006,30.400000000000006,-5.6000000000000085,False
18,1.3,20,22,16,1,0,19.200000000000003,19.200000000000003,0.4000000000000057,True
18,1.3,21,20,12,1,0,30.400000000000006,30.400000000000006,-11.200000000000003,False
18,1.3,22,18,8,1,0,41.6,41.6,-20.8,False
18,1.3,23,18,9,1,0,46.800000000000004,46.800000000000004,-16.0,False
18,1.3,24,18,4,1,0,20.8,20.8,-20.8,False
18,1.3,25,18,0,1,0,0.0,0.0,0.0,False
18,1.35,0,18,0,1,0,0.0,0.0,0.0,False
18,1.35,1,18,0,1,0,0.0,0.0,0.0,False
18,1.35,2,18,4,1,0,21.6,21.6,-21.6,False
18,1.35,3,18,2,1,0,10.8,10.8,-10.8,False
18,1.35,4,18,6,1,0,32.400000000000006,32.400000000000006,-10.800000000000004,False
18,1.35,5,19,8,1,0,27.200000000000003,27.200000000000003,-16.400000000000002,False
18,1.35,6,19,10,1,0,38.0,38.0,-16.199999999999996,False
18,1.35,7,19,7,1,0,21.800000000000004,21.800000000000004,-4.999999999999993,False
18,1.35,8,20,11,1,0,27.400000000000006,27.400000000000006,-5.400000000000006,False
18,1.35,9,20,10,1,0,22.0,22.0,-5.199999999999989,False
18,1.35,10,20,10,1,0,22.0,22.0,-5.199999999999989,False
18,1.35,11,19,9,1,0,32.6,32.6,-11.0,False
18,1.35,12,20,10,1,0,22.0,22.0,-5.199999999999989,False
18,1.35,13,19,9,1,0,32.6,32.6,-10.799999999999997,False
18,1.35,14,21,14,1,0,27.60000000000001,27.60000000000001,-10.799999999999997,False
18,1.35,15,21,13,1,0,22.200000000000003,22.200000000000003,-5.3999999999999915,False
18,1.35,16,19,8,1,0,27.200000000000003,27.200000000000003,-5.600000000000001,False
18,1.35,17,21,12,1,0,16.80000000000001,16.80000000000001,4.999999999999993,True
18,1.35,18,20,11,1,0,27.400000000000006,27.400000000000006,-10.599999999999994,False
18,1.35,19,20,12,1,0,32.80000000000001,32.80000000000001,-5.400000000000006,False
18,1.35,20,22,16,1,0,22.400000000000006,22.400000000000006,-0.20000000000000284,False
18,1.35,21,20,12,1,0,32.80000000000001,32.80000000000001,-10.400000000000006,False
18,1.35,22,18,8,1,0,43.2,43.2,-21.6,False
18,1.35,23,18,9,1,0,48.6,48.6,-16.0,False
18,1.35,24,18,4,1,0,21.6,21.6,-21.6,False
18,1.35,25,18,0,1,0,0.0,0.0,0.0,False
18,1.4,0,18,0,1,0,0.0,0.0,0.0,False
18,1.4,1,18,0,1,0,0.0,0.0,0.0,False
18,1.4,2,18,4,1,0,22.4,22.4,-22.4,False
18,1.4,3,18,2,1,0,11.2,11.2,-11.2,False
18,1.4,4,18,6,1,0,33.599999999999994,33.599999999999994,-11.199999999999996,False
18,1.4,5,19,8,1,0,28.799999999999997,28.799999999999997,-17.599999999999998,False
18,1.4,6,19,10,1,0,40.0,40.0,-16.800000000000004,False
18,1.4,7,19,7,1,0,23.199999999999996,23.199999999999996,-4.000000000000007,False
18,1.4,8,20,11,1,0,29.599999999999994,29.599999999999994,-5.599999999999994,False
18,1.4,9,20,10,1,0,24.0,24.0,-4.800000000000011,False
18,1.4,10,20,10,1,0,24.0,24.0,-4.800000000000011,False
18,1.4,11,19,9,1,0,34.4,34.4,-12.0,False
18,1.4,12,20,10,1,0,24.0,24.0,-4.800000000000011,False
18,1.4,13,19,9,1,0,34.4,34.4,-11.200000000000003,False
18,1.4,14,21,14,1,0,30.39999999999999,30.39999999999999,-11.200000000000003,False
18,1.4,15,21,13,1,0,24.799999999999997,24.799999999999997,-5.6000000000000085,False
18,1.4,16,19,8,1,0,28.799999999999997,28.799999999999997,-6.399999999999999,False
18,1.4,17,21,12,1,0,19.19999999999999,19.19999999999999,4.000000000000007,True
18,1.4,18,20,11,1,0,29.599999999999994,29.599999999999994,-10.400000000000006,False
18,1.4,19,20,12,1,0,35.19999999999999,35.19999999999999,-5.599999999999994,False
18,1.4,20,22,16,1,0,25.599999999999994,25.599999999999994,-0.7999999999999972,False
18,1.4,21,20,12,1,0,35.19999999999999,35.19999999999999,-9.599999999999994,False
18,1.4,22,18,8,1,0,44.8,44.8,-22.4,False
18,1.4,23,18,9,1,0,50.4,50.4,-16.0,False
18,1.4,24,18,4,1,0,22.4,22.4,-22.4,False
18,1.4,25,18,0,1,0,0.0,0.0,0.0,False
18,1.45,0,18,0,1,0,0.0,0.0,0.0,False
18,1.45,1,18,0,1,0,0.0,0.0,0.0,False
18,1.45,2,18,4,1,0,23.2,23.2,-23.2,False
18,1.45,3,18,2,1,0,11.6,11.6,-11.6,False
18,1.45,4,18,6,1,0,34.8,34.8,-11.599999999999998,False
18,1.45,5,19,8,1,0,30.4,30.4,-18.799999999999997,False
18,1.45,6,19,10,1,0,42.0,42.0,-17.4,False
18,1.45,7,19,7,1,0,24.6,24.6,-3.000000000000007,False
18,1.45,8,20,11,1,0,31.799999999999997,31.799999999999997,-5.799999999999997,False
18,1.45,9,20,10,1,0,26.0,26.0,-4.400000000000006,False
18,1.45,10,20,10,1,0,26.0,26.0,-4.400000000000006,False
18,1.45,11,19,9,1,0,36.199999999999996,36.199999999999996,-12.999999999999996,False
18,1.45,12,20,10,1,0,26.0,26.0,-4.400000000000006,False
18,1.45,13,19,9,1,0,36.199999999999996,36.199999999999996,-11.599999999999994,False
18,1.45,14,21,14,1,0,33.2,33.2,-11.600000000000009,False
18,1.45,15,21,13,1,0,27.39999999999999,27.39999999999999,-5.799999999999997,False
18,1.45,16,19,8,1,0,30.4,30.4,-7.199999999999999,False
18,1.45,17,21,12,1,0,21.599999999999994,21.599999999999994,3.000000000000007,True
18,1.45,18,20,11,1,0,31.799999999999997,31.799999999999997,-10.200000000000003,False
18,1.45,19,20,12,1,0,37.599999999999994,37.599999999999994,-5.799999999999997,False
18,1.45,20,22,16,1,0,28.799999999999997,28.799999999999997,-1.4000000000000057,False
18,1.45,21,20,12,1,0,37.599999999999994,37.599999999999994,-8.799999999999997,False
18,1.45,22,18,8,1,0,46.4,46.4,-23.2,False
18,1.45,23,18,9,1,0,52.199999999999996,52.199999999999996,-16.0,False
18,1.45,24,18,4,1,0,23.2,23.2,-23.2,False
18,1.45,25,18,0,1,0,0.0,0.0,0.0,False
18,1.5,0,18,0,1,0,0.0,0.0,0.0,False
18,1.5,1,18,0,1,0,0.0,0.0,0.0,False
18,1.5,2,18,4,1,0,24.0,24.0,-24.0,False
18,1.5,3,18,2,1,0,12.0,12.0,-12.0,False
18,1.5,4,18,6,1,0,36.0,36.0,-12.0,False
18,1.5,5,19,8,1,0,32.0,32.0,-20.0,False
18,1.5,6,19,10,1,0,44.0,44.0,-18.0,False
18,1.5,7,19,7,1,0,26.0,26.0,-2.0,False
18,1.5,8,20,11,1,0,34.0,34.0,-6.0,False
18,1.5,9,20,10,1,0,28.0,28.0,-4.0,False
18,1.5,10,20,10,1,0,28.0,28.0,-4.0,False
18,1.5,11,19,9,1,0,38.0,38.0,-14.0,False
18,1.5,12,20,10,1,0,28.0,28.0,-4.0,False
18,1.5,13,19,9,1,0,38.0,38.0,-12.0,False
18,1.5,14,21,14,1,0,36.0,36.0,-12.0,False
18,1.5,15,21,13,1,0,30.0,30.0,-6.0,False
18,1.5,16,19,8,1,0,32.0,32.0,-8.0,False
18,1.5,17,21,12,1,0,24.0,24.0,2.0,True
18,1.5,18,20,11,1,0,34.0,34.0,-10.0,False
18,1.5,19,20,12,1,0,40.0,40.0,-6.0,False
18,1.5,20,22,16,1,0,32.0,32.0,-2.0,False
18,1.5,21,20,12,1,0,40.0,40.0,-8.0,False
18,1.5,22,18,8,1,0,48.0,48.0,-24.0,False
18,1.5,23,18,9,1,0,54.0,54.0,-16.0,False
18,1.5,24,18,4,1,0,24.0,24.0,-24.0,False
18,1.5,25,18,0,1,0,0.0,0.0,0.0,False
18,1.55,0,18,0,1,0,0.0,0.0,0.0,False
18,1.55,1,18,0,1,0,0.0,0.0,0.0,False
18,1.55,2,18,4,1,0,24.8,24.8,-24.8,False
18,1.55,3,18,2,1,0,12.4,12.4,-12.4,False
18,1.55,4,18,6,1,0,37.2,37.2,-12.400000000000002,False
18,1.55,5,19,8,1,0,33.6,33.6,-21.200000000000003,False
18,1.55,6,19,10,1,0,46.0,46.0,-18.6,False
18,1.55,7,19,7,1,0,27.4,27.4,-2.599999999999998,False
18,1.55,8,20,11,1,0,36.2,36.2,-6.200000000000003,False
18,1.55,9,20,10,1,0,30.0,30.0,-3.5999999999999943,False
18,1.55,10,20,10,1,0,30.0,30.0,-3.5999999999999943,False
18,1.55,11,19,9,1,0,39.800000000000004,39.800000000000004,-15.000000000000004,False
18,1.55,12,20,10,1,0,30.0,30.0,-3.5999999999999943,False
18,1.55,13,19,9,1,0,39.800000000000004,39.800000000000004,-12.400000000000006,False
18,1.55,14,21,14,1,0,38.8,38.8,-12.399999999999991,False
18,1.55,15,21,13,1,0,32.60000000000001,32.60000000000001,-6.200000000000003,False
18,1.55,16,19,8,1,0,33.6,33.6,-8.8,False
18,1.55,17,21,12,1,0,26.400000000000006,26.400000000000006,0.9999999999999929,True
18,1.55,18,20,11,1,0,36.2,36.2,-9.799999999999997,False
18,1.55,19,20,12,1,0,42.400000000000006,42.400000000000006,-6.200000000000003,False
18,1.55,20,22,16,1,0,35.2,35.2,-2.5999999999999943,False
18,1.55,21,20,12,1,0,42.400000000000006,42.400000000000006,-8.800000000000004,False
18,1.55,22,18,8,1,0,49.6,49.6,-24.8,False
18,1.55,23,18,9,1,0,55.800000000000004,55.800000000000004,-16.0,False
18,1.55,24,18,4,1,0,24.8,24.8,-24.8,False
18,1.55,25,18,0,1,0,0.0,0.0,0.0,False
18,1.6,0,18,0,1,0,0.0,0.0,0.0,False
18,1.6,1,18,0,1,0,0.0,0.0,0.0,False
18,1.6,2,18,4,1,0,25.6,25.6,-25.6,False
18,1.6,3,18,2,1,0,12.8,12.8,-12.8,False
18,1.6,4,18,6,1,0,38.400000000000006,38.400000000000006,-12.800000000000004,False
18,1.6,5,19,8,1,0,35.2,35.2,-22.400000000000002,False
18,1.6,6,19,10,1,0,48.0,48.0,-19.199999999999996,False
18,1.6,7,19,7,1,0,28.800000000000004,28.800000000000004,-3.200000000000003,False
18,1.6,8,20,11,1,0,38.400000000000006,38.400000000000006,-6.400000000000006,False
18,1.6,9,20,10,1,0,32.0,32.0,-3.1999999999999957,False
18,1.6,10,20,10,1,0,32.0,32.0,-3.1999999999999957,False
18,1.6,11,19,9,1,0,41.6,41.6,-16.0,False
18,1.6,12,20,10,1,0,32.0,32.0,-3.1999999999999957,False
18,1.6,13,19,9,1,0,41.6,41.6,-12.799999999999997,False
18,1.6,14,21,14,1,0,41.60000000000001,41.60000000000001,-12.799999999999997,False
18,1.6,15,21,13,1,0,35.2,35.2,-6.3999999999999915,False
18,1.6,16,19,8,1,0,35.2,35.2,-9.600000000000001,False
18,1.6,17,21,12,1,0,28.80000000000001,28.80000000000001,-7.105427357601002e-15,False
18,1.6,18,20,11,1,0,38.400000000000006,38.400000000000006,-9.599999999999994,False
18,1.6,19,20,12,1,0,44.80000000000001,44.80000000000001,-6.400000000000006,False
18,1.6,20,22,16,1,0,38.400000000000006,38.400000000000006,-3.200000000000003,False
18,1.6,21,20,12,1,0,44.80000000000001,44.80000000000001,-9.600000000000009,False
18,1.6,22,18,8,1,0,51.2,51.2,-25.6,False
18,1.6,23,18,9,1,0,57.6,57.6,-16.0,False
18,1.6,24,18,4,1,0,25.6,25.6,-25.6,False
18,1.6,25,18,0,1,0,0.0,0.0,0.0,False
18,1.65,0,18,0,1,0,0.0,0.0,0.0,False
18,1.65,1,18,0,1,0,0.0,0.0,0.0,False
18,1.65,2,18,4,1,0,26.4,26.4,-26.4,False
18,1.65,3,18,2,1,0,13.2,13.2,-13.2,False
18,1.65,4,18,6,1,0,39.599999999999994,39.599999999999994,-13.199999999999996,False
18,1.65,5,19,8,1,0,36.8,36.8,-23.599999999999998,False
18,1.65,6,19,10,1,0,50.0,50.0,-19.800000000000004,False
18,1.65,7,19,7,1,0,30.199999999999996,30.199999999999996,-3.799999999999997,False
18,1.65,8,20,11,1,0,40.599999999999994,40.599999999999994,-6.599999999999994,False
18,1.65,9,20,10,1,0,34.0,34.0,-3.8000000000000043,False
18,1.65,10,20,10,1,0,34.0,34.0,-3.8000000000000043,False
18,1.65,11,19,9,1,0,43.4,43.4,-17.0,False
18,1.65,12,20,10,1,0,34.0,34.0,-3.8000000000000043,False
18,1.65,13,19,9,1,0,43.4,43.4,-13.200000000000003,False
18,1.65,14,21,14,1,0,44.39999999999999,44.39999999999999,-13.200000000000003,False
18,1.65,15,21,13,1,0,37.8,37.8,-6.6000000000000085,False
18,1.65,16,19,8,1,0,36.8,36.8,-10.399999999999999,False
18,1.65,17,21,12,1,0,31.19999999999999,31.19999999999999,-0.9999999999999929,False
18,1.65,18,20,11,1,0,40.599999999999994,40.599999999999994,-9.400000000000006,False
18,1.65,19,20,12,1,0,47.19999999999999,47.19999999999999,-6.599999999999994,False
18,1.65,20,22,16,1,0,41.599999999999994,41.599999999999994,-3.799999999999997,False
18,1.65,21,20,12,1,0,47.19999999999999,47.19999999999999,-10.399999999999991,False
18,1.65,22,18,8,1,0,52.8,52.8,-26.4,False
18,1.65,23,18,9,1,0,59.4,59.4,-16.0,False
18,1.65,24,18,4,1,0,26.4,26.4,-26.4,False
18,1.65,25,18,0,1,0,0.0,0.0,0.0,False
18,1.7,0,18,0,1,0,0.0,0.0,0.0,False
18,1.7,1,18,0,1,0,0.0,0.0,0.0,False
18,1.7,2,18,4,1,0,27.2,27.2,-27.2,False
18,1.7,3,18,2,1,0,13.6,13.6,-13.6,False
18,1.7,4,18,6,1,0,40.8,40.8,-13.599999999999998,False
18,1.7,5,19,8,1,0,38.4,38.4,-24.799999999999997,False
18,1.7,6,19,10,1,0,52.0,52.0,-20.4,False
18,1.7,7,19,7,1,0,31.6,31.6,-4.400000000000002,False
18,1.7,8,20,11,1,0,42.8,42.8,-6.799999999999997,False
18,1.7,9,20,10,1,0,36.0,36.0,-4.399999999999999,False
18,1.7,10,20,10,1,0,36.0,36.0,-4.399999999999999,False
18,1.7,11,19,9,1,0,45.199999999999996,45.199999999999996,-17.999999999999996,False
18,1.7,12,20,10,1,0,36.0,36.0,-4.399999999999999,False
18,1.7,13,19,9,1,0,45.199999999999996,45.199999999999996,-13.599999999999994,False
18,1.7,14,21,14,1,0,47.2,47.2,-13.600000000000009,False
18,1.7,15,21,13,1,0,40.39999999999999,40.39999999999999,-6.799999999999997,False
18,1.7,16,19,8,1,0,38.4,38.4,-11.2,False
18,1.7,17,21,12,1,0,33.599999999999994,33.599999999999994,-1.999999999999993,False
18,1.7,18,20,11,1,0,42.8,42.8,-9.200000000000003,False
18,1.7,19,20,12,1,0,49.599999999999994,49.599999999999994,-6.799999999999997,False
18,1.7,20,22,16,1,0,44.8,44.8,-4.400000000000006,False
18,1.7,21,20,12,1,0,49.599999999999994,49.599999999999994,-11.199999999999996,False
18,1.7,22,18,8,1,0,54.4,54.4,-27.2,False
18,1.7,23,18,9,1,0,61.199999999999996,61.199999999999996,-16.0,False
18,1.7,24,18,4,1,0,27.2,27.2,-27.2,False
18,1.7,25,18,0,1,0,0.0,0.0,0.0,False
18,1.8,0,18,0,1,0,0.0,0.0,0.0,False
18,1.8,1,18,0,1,0,0.0,0.0,0.0,False
18,1.8,2,18,4,1,0,28.8,28.8,-28.8,False
18,1.8,3,18,2,1,0,14.4,14.4,-14.4,False
18,1.8,4,18,6,1,0,43.2,43.2,-14.400000000000002,False
18,1.8,5,19,8,1,0,41.6,41.6,-27.200000000000003,False
18,1.8,6,19,10,1,0,56.0,56.0,-21.6,False
18,1.8,7,19,7,1,0,34.4,34.4,-5.599999999999998,False
18,1.8,8,20,11,1,0,47.2,47.2,-7.200000000000003,False
18,1.8,9,20,10,1,0,40.0,40.0,-5.600000000000001,False
18,1.8,10,20,10,1,0,40.0,40.0,-5.600000000000001,False
18,1.8,11,19,9,1,0,48.8,48.8,-19.999999999999996,False
18,1.8,12,20,10,1,0,40.0,40.0,-5.600000000000001,False
18,1.8,13,19,9,1,0,48.8,48.8,-14.399999999999999,False
18,1.8,14,21,14,1,0,52.8,52.8,-14.399999999999991,False
18,1.8,15,21,13,1,0,45.60000000000001,45.60000000000001,-7.200000000000003,False
18,1.8,16,19,8,1,0,41.6,41.6,-12.8,False
18,1.8,17,21,12,1,0,38.400000000000006,38.400000000000006,-4.000000000000007,False
18,1.8,18,20,11,1,0,47.2,47.2,-8.799999999999997,False
18,1.8,19,20,12,1,0,54.400000000000006,54.400000000000006,-7.200000000000003,False
18,1.8,20,22,16,1,0,51.2,51.2,-5.599999999999994,False
18,1.8,21,20,12,1,0,54.400000000000006,54.400000000000006,-12.800000000000004,False
18,1.8,22,18,8,1,0,57.6,57.6,-28.8,False
18,1.8,23,18,9,1,0,64.8,64.8,-16.0,False
18,1.8,24,18,4,1,0,28.8,28.8,-28.8,False
18,1.8,25,18,0,1,0,0.0,0.0,0.0,False
18,1.9,0,18,0,1,0,0.0,0.0,0.0,False
18,1.9,1,18,0,1,0,0.0,0.0,0.0,False
18,1.9,2,18,4,1,0,30.4,30.4,-30.4,False
18,1.9,3,18,2,1,0,15.2,15.2,-15.2,False
18,1.9,4,18,6,1,0,45.599999999999994,45.599999999999994,-15.199999999999996,False
18,1.9,5,19,8,1,0,44.8,44.8,-29.599999999999998,False
18,1.9,6,19,10,1,0,60.0,60.0,-22.800000000000004,False
18,1.9,7,19,7,1,0,37.199999999999996,37.199999999999996,-6.799999999999997,False
18,1.9,8,20,11,1,0,51.599999999999994,51.599999999999994,-7.599999999999994,False
18,1.9,9,20,10,1,0,44.0,44.0,-6.800000000000004,False
18,1.9,10,20,10,1,0,44.0,44.0,-6.800000000000004,False
18,1.9,11,19,9,1,0,52.39999999999999,52.39999999999999,-21.999999999999993,False
18,1.9,12,20,10,1,0,44.0,44.0,-6.800000000000004,False
18,1.9,13,19,9,1,0,52.39999999999999,52.39999999999999,-15.199999999999996,False
18,1.9,14,21,14,1,0,58.39999999999999,58.39999999999999,-15.200000000000003,False
18,1.9,15,21,13,1,0,50.8,50.8,-7.6000000000000085,False
18,1.9,16,19,8,1,0,44.8,44.8,-14.399999999999999,False
18,1.9,17,21,12,1,0,43.19999999999999,43.19999999999999,-5.999999999999993,False
18,1.9,18,20,11,1,0,51.599999999999994,51.599999999999994,-8.400000000000006,False
18,1.9,19,20,12,1,0,59.19999999999999,59.19999999999999,-7.599999999999994,False
18,1.9,20,22,16,1,0,57.599999999999994,57.599999999999994,-6.799999999999997,False
18,1.9,21,20,12,1,0,59.19999999999999,59.19999999999999,-14.399999999999991,False
18,1.9,22,18,8,1,0,60.8,60.8,-30.4,False
18,1.9,23,18,9,1,0,68.39999999999999,68.39999999999999,-16.0,False
18,1.9,24,18,4,1,0,30.4,30.4,-30.4,False
18,1.9,25,18,0,1,0,0.0,0.0,0.0,False
18,2.0,0,18,0,1,0,0.0,0.0,0.0,False
18,2.0,1,18,0,1,0,0.0,0.0,0.0,False
18,2.0,2,18,4,1,0,32.0,32.0,-32.0,False
18,2.0,3,18,2,1,0,16.0,16.0,-16.0,False
18,2.0,4,18,6,1,0,48.0,48.0,-16.0,False
18,2.0,5,19,8,1,0,48.0,48.0,-32.0,False
18,2.0,6,19,10,1,0,64.0,64.0,-24.0,False
18,2.0,7,19,7,1,0,40.0,40.0,-8.0,False
18,2.0,8,20,11,1,0,56.0,56.0,-8.0,False
18,2.0,9,20,10,1,0,48.0,48.0,-8.0,False
18,2.0,10,20,10,1,0,48.0,48.0,-8.0,False
18,2.0,11,19,9,1,0,56.0,56.0,-24.0,False
18,2.0,12,20,10,1,0,48.0,48.0,-8.0,False
18,2.0,13,19,9,1,0,56.0,56.0,-16.0,False
18,2.0,14,21,14,1,0,64.0,64.0,-16.0,False
18,2.0,15,21,13,1,0,56.0,56.0,-8.0,False
18,2.0,16,19,8,1,0,48.0,48.0,-16.0,False
18,2.0,17,21,12,1,0,48.0,48.0,-8.0,False
18,2.0,18,20,11,1,0,56.0,56.0,-8.0,False
18,2.0,19,20,12,1,0,64.0,64.0,-8.0,False
18,2.0,20,22,16,1,0,64.0,64.0,-8.0,False
18,2.0,21,20,12,1,0,64.0,64.0,-16.0,False
18,2.0,22,18,8,1,0,64.0,64.0,-32.0,False
18,2.0,23,18,9,1,0,72.0,72.0,-16.0,False
18,2.0,24,18,4,1,0,32.0,32.0,-32.0,False
18,2.0,25,18,0,1,0,0.0,0.0,0.0,False
18,2.5,0,18,0,1,0,0.0,0.0,0.0,False
18,2.5,1,18,0,1,0,0.0,0.0,0.0,False
18,2.5,2,18,4,1,0,40.0,40.0,-40.0,False
18,2.5,3,18,2,1,0,20.0,20.0,-20.0,False
18,2.5,4,18,6,1,0,60.0,60.0,-20.0,False
18,2.5,5,19,8,1,0,64.0,64.0,-44.0,False
18,2.5,6,19,10,1,0,84.0,84.0,-30.0,False
18,2.5,7,19,7,1,0,54.0,54.0,-14.0,False
18,2.5,8,20,11,1,0,78.0,78.0,-14.0,False
18,2.5,9,20,10,1,0,68.0,68.0,-14.0,False
18,2.5,10,20,10,1,0,68.0,68.0,-14.0,False
18,2.5,11,19,9,1,0,74.0,74.0,-34.0,False
18,2.5,12,20,10,1,0,68.0,68.0,-14.0,False
18,2.5,13,19,9,1,0,74.0,74.0,-20.0,False
18,2.5,14,21,14,1,0,92.0,92.0,-24.0,False
18,2.5,15,21,13,1,0,82.0,82.0,-14.0,False
18,2.5,16,19,8,1,0,64.0,64.0,-24.0,False
18,2.5,17,21,12,1,0,72.0,72.0,-18.0,False
18,2.5,18,20,11,1,0,78.0,78.0,-14.0,False
18,2.5,19,20,12,1,0,88.0,88.0,-14.0,False
18,2.5,20,22,16,1,0,96.0,96.0,-18.0,False
18,2.5,21,20,12,1,0,88.0,88.0,-24.0,False
18,2.5,22,18,8,1,0,80.0,80.0,-40.0,False
18,2.5,23,18,9,1,0,90.0,90.0,-16.0,False
18,2.5,24,18,4,1,0,40.0,40.0,-40.0,False
18,2.5,25,18,0,1,0,0.0,0.0,0.0,False
18,3.0,0,18,0,1,0,0.0,0.0,0.0,False
18,3.0,1,18,0,1,0,0.0,0.0,0.0,False
18,3.0,2,18,4,1,0,48.0,48.0,-48.0,False
18,3.0,3,18,2,1,0,24.0,24.0,-24.0,False
18,3.0,4,18,6,1,0,72.0,72.0,-24.0,False
18,3.0,5,19,8,1,0,80.0,80.0,-56.0,False
18,3.0,6,19,10,1,0,104.0,104.0,-36.0,False
18,3.0,7,19,7,1,0,68.0,68.0,-20.0,False
18,3.0,8,20,11,1,0,100.0,100.0,-20.0,False
18,3.0,9,20,10,1,0,88.0,88.0,-20.0,False
18,3.0,10,20,10,1,0,88.0,88.0,-20.0,False
18,3.0,11,19,9,1,0,92.0,92.0,-44.0,False
18,3.0,12,20,10,1,0,88.0,88.0,-20.0,False
18,3.0,13,19,9,1,0,92.0,92.0,-24.0,False
18,3.0,14,21,14,1,0,120.0,120.0,-32.0,False
18,3.0,15,21,13,1,0,108.0,108.0,-20.0,False
18,3.0,16,19,8,1,0,80.0,80.0,-32.0,False
18,3.0,17,21,12,1,0,96.0,96.0,-28.0,False
18,3.0,18,20,11,1,0,100.0,100.0,-20.0,False
18,3.0,19,20,12,1,0,112.0,112.0,-20.0,False
18,3.0,20,22,16,1,0,128.0,128.0,-28.0,False
18,3.0,21,20,12,1,0,112.0,112.0,-32.0,False
18,3.0,22,18,8,1,0,96.0,96.0,-48.0,False
18,3.0,23,18,9,1,0,108.0,108.0,-16.0,False
18,3.0,24,18,4,1,0,48.0,48.0,-48.0,False
18,3.0,25,18,0,1,0,0.0,0.0,0.0,False
18,5.0,0,18,0,1,0,0.0,0.0,0.0,False
18,5.0,1,18,0,1,0,0.0,0.0,0.0,False
18,5.0,2,18,4,1,0,80.0,80.0,-80.0,False
18,5.0,3,18,2,1,0,40.0,40.0,-40.0,False
18,5.0,4,18,6,1,0,120.0,120.0,-40.0,False
18,5.0,5,19,8,1,0,144.0,144.0,-104.0,False
18,5.0,6,19,10,1,0,184.0,184.0,-60.0,False
18,5.0,7,19,7,1,0,124.0,124.0,-44.0,False
18,5.0,8,20,11,1,0,188.0,188.0,-44.0,False
18,5.0,9,20,10,1,0,168.0,168.0,-44.0,False
18,5.0,10,20,10,1,0,168.0,168.0,-44.0,False
18,5.0,11,19,9,1,0,164.0,164.0,-84.0,False
18,5.0,12,20,10,1,0,168.0,168.0,-44.0,False
18,5.0,13,19,9,1,0,164.0,164.0,-40.0,False
18,5.0,14,21,14,1,0,232.0,232.0,-64.0,False
18,5.0,15,21,13,1,0,212.0,212.0,-48.0,False
18,5.0,16,19,8,1,0,144.0,144.0,-64.0,False
18,5.0,17,21,12,1,0,192.0,192.0,-68.0,False
18,5.0,18,20,11,1,0,188.0,188.0,-44.0,False
18,5.0,19,20,12,1,0,208.0,208.0,-44.0,False
18,5.0,20,22,16,1,0,256.0,256.0,-68.0,False
18,5.0,21,20,12,1,0,208.0,208.0,-64.0,False
18,5.0,22,18,8,1,0,160.0,160.0,-80.0,False
18,5.0,23,18,9,1,0,180.0,180.0,-20.0,False
18,5.0,24,18,4,1,0,80.0,80.0,-80.0,False
18,5.0,25,18,0,1,0,0.0,0.0,0.0,False
18,10.0,0,18,0,1,0,0.0,0.0,0.0,False
18,10.0,1,18,0,1,0,0.0,0.0,0.0,False
18,10.0,2,18,4,1,0,160.0,160.0,-160.0,False
18,10.0,3,18,2,1,0,80.0,80.0,-80.0,False
18,10.0,4,18,6,1,0,240.0,240.0,-80.0,False
18,10.0,5,19,8,1,0,304.0,304.0,-224.0,False
18,10.0,6,19,10,1,0,384.0,384.0,-120.0,False
18,10.0,7,19,7,1,0,264.0,264.0,-104.0,False
18,10.0,8,20,11,1,0,408.0,408.0,-104.0,False
18,10.0,9,20,10,1,0,368.0,368.0,-104.0,False
18,10.0,10,20,10,1,0,368.0,368.0,-104.0,False
18,10.0,11,19,9,1,0,344.0,344.0,-184.0,False
18,10.0,12,20,10,1,0,368.0,368.0,-104.0,False
18,10.0,13,19,9,1,0,344.0,344.0,-80.0,False
18,10.0,14,21,14,1,0,512.0,512.0,-144.0,False
18,10.0,15,21,13,1,0,472.0,472.0,-128.0,False
18,10.0,16,19,8,1,0,304.0,304.0,-144.0,False
18,10.0,17,21,12,1,0,432.0,432.0,-168.0,False
18,10.0,18,20,11,1,0,408.0,408.0,-104.0,False
18,10.0,19,20,12,1,0,448.0,448.0,-104.0,False
18,10.0,20,22,16,1,0,576.0,576.0,-168.0,False
18,10.0,21,20,12,1,0,448.0,448.0,-144.0,False
18,10.0,22,18,8,1,0,320.0,320.0,-160.0,False
18,10.0,23,18,9,1,0,360.0,360.0,-40.0,False
18,10.0,24,18,4,1,0,160.0,160.0,-160.0,False
18,10.0,25,18,0,1,0,0.0,0.0,0.0,False
18,30.0,0,18,0,1,0,0.0,0.0,0.0,False
18,30.0,1,18,0,1,0,0.0,0.0,0.0,False
18,30.0,2,18,4,1,0,480.0,480.0,-480.0,False
18,30.0,3,18,2,1,0,240.0,240.0,-240.0,False
18,30.0,4,18,6,1,0,720.0,720.0,-240.0,False
18,30.0,5,19,8,1,0,944.0,944.0,-704.0,False
18,30.0,6,19,10,1,0,1184.0,1184.0,-360.0,False
18,30.0,7,19,7,1,0,824.0,824.0,-344.0,False
18,30.0,8,20,11,1,0,1288.0,1288.0,-344.0,False
18,30.0,9,20,10,1,0,1168.0,1168.0,-344.0,False
18,30.0,10,20,10,1,0,1168.0,1168.0,-344.0,False
18,30.0,11,19,9,1,0,1064.0,1064.0,-584.0,False
18,30.0,12,20,10,1,0,1168.0,1168.0,-344.0,False
18,30.0,13,19,9,1,0,1064.0,1064.0,-240.0,False
18,30.0,14,21,14,1,0,1632.0,1632.0,-464.0,False
18,30.0,15,21,13,1,0,1512.0,1512.0,-448.0,False
18,30.0,16,19,8,1,0,944.0,944.0,-464.0,False
18,30.0,17,21,12,1,0,1392.0,1392.0,-568.0,False
18,30.0,18,20,11,1,0,1288.0,1288.0,-344.0,False
18,30.0,19,20,12,1,0,1408.0,1408.0,-344.0,False
18,30.0,20,22,16,1,0,1856.0,1856.0,-568.0,False
18,30.0,21,20,12,1,0,1408.0,1408.0,-464.0,False
18,30.0,22,18,8,1,0,960.0,960.0,-480.0,False
18,30.0,23,18,9,1,0,1080.0,1080.0,-120.0,False
18,30.0,24,18,4,1,0,480.0,480.0,-480.0,False
18,30.0,25,18,0,1,0,0.0,0.0,0.0,False
