N,D,replica,leg,g,ln_g,squares_per_vertex,spv_err,phi,acceptance,tau_int,surplus,lam
500,3,0,cool,40.0,3.6888794541139363,1.55872,0.012243307239467609,0.12989333333333333,0.748,0.04179806041886658,0.0,1.0
500,3,0,cool,37.7624,3.631313898579526,1.5764799999999999,0.01492336142295026,0.13137333333333334,0.73677,0.47616480186644283,0.0,1.0
500,3,0,cool,35.65,3.573749146860305,1.6,0.014515164726588535,0.13333333333333333,0.72566,0.33479656139730396,0.0,1.0
500,3,0,cool,33.6558,3.516185403793739,1.62464,0.012972466374595093,0.13538666666666668,0.71559,0.3766982123786049,0.0,1.0
500,3,0,cool,31.7731,3.4586200198510353,1.6952,0.0181768818932181,0.14126666666666668,0.69982,0.5411343698339015,0.0,1.0
500,3,0,cool,29.9958,3.4010573718612407,1.68512,0.013202760220499349,0.14042666666666664,0.68316,0.3377159334476097,0.0,1.0
500,3,0,cool,28.3178,3.3434905821921714,1.7408000000000003,0.021712474880584205,0.14506666666666665,0.6716,0.5305882381584379,0.0,1.0
500,3,0,cool,26.7338,3.2859286824111007,1.7704000000000002,0.015873131592726124,0.14753333333333335,0.65841,0.4891607635235489,0.0,1.0
500,3,0,cool,25.2383,3.2283626819973796,1.83296,0.014832733417681302,0.15274666666666667,0.64023,1.508595467531011,0.0,1.0
500,3,0,cool,23.8265,3.1707984066350265,1.87136,0.018206286716406502,0.15594666666666665,0.62137,0.9211757351693669,0.0,1.0
500,3,0,cool,22.4937,3.1132352700030554,1.9268800000000001,0.01613132649722274,0.16057333333333335,0.60722,0.3750430672098036,0.0,1.0
500,3,0,cool,21.2354,3.0556696004138186,1.99328,0.01825404081950076,0.16610666666666665,0.58085,0.3232300935374493,4e-05,1.0
500,3,0,cool,20.0475,2.9981044576990468,2.0468800000000003,0.014308016768231725,0.17057333333333335,0.56775,0.7396309422081451,0.0,1.0
500,3,0,cool,18.9261,2.9405419218087405,2.1227200000000006,0.01999590228421814,0.17689333333333332,0.5434,0.3910125539511947,0.0,1.0
500,3,0,cool,17.8673,2.882972226541584,2.16528,0.017459535567706255,0.18044000000000002,0.51918,0.7789270232139062,0.0,1.0
500,3,0,cool,16.8679,2.8254124074816325,2.2444800000000003,0.015274830937198579,0.18704,0.49681,0.5698799109124364,8e-05,1.0
500,3,0,cool,15.9243,2.767846244448176,2.3287999999999998,0.01670134319867713,0.1940666666666667,0.46727,0.5180258119092571,0.0,1.0
500,3,0,cool,15.0335,2.7102810442535694,2.40832,0.02115134832581601,0.20069333333333333,0.44897,0.6066744862510536,8e-05,1.0
500,3,0,cool,14.1925,2.6527136560627445,2.49264,0.01988870298033535,0.20772,0.42768,0.834339942908324,0.0,1.0
500,3,0,cool,13.3986,2.5951502238867596,2.5904,0.023762919857626918,0.21586666666666668,0.39808,0.4693209926332964,0.0,1.0
500,3,0,cool,12.6491,2.5375860663974557,2.7376,0.025960371458051183,0.22813333333333333,0.36602,1.0259181554665395,4e-05,1.0
500,3,0,cool,11.9415,2.4800197282146055,2.8385599999999993,0.021269142327794987,0.23654666666666666,0.33366,0.9569640753979671,4e-05,1.0
500,3,0,cool,11.2735,2.4224548388444296,2.9318400000000002,0.014801582245152024,0.24432,0.31043,0.6986100006055069,4e-05,1.0
500,3,0,cool,10.6429,2.3648930031677304,3.1171200000000003,0.024659480283250098,0.25976,0.27727,0.9286360717923148,4e-05,1.0
500,3,0,cool,10.0475,2.307323847341219,3.2403200000000005,0.018552484732779054,0.2700266666666667,0.25222,0.7855991255357089,0.00011999999999999999,1.0
500,3,0,cool,9.4855,2.249764316810463,3.3974399999999996,0.019998836362148654,0.28312,0.22535,2.233712108735757,0.00016,1.0
500,3,0,cool,8.9549,2.192200868504484,3.592,0.021432198864325597,0.29933333333333334,0.18656,2.1099964119997967,8e-05,1.0
500,3,0,cool,8.454,2.1346397021445984,3.7294400000000003,0.02373053101470758,0.31078666666666666,0.16866,2.1724065906879604,4e-05,1.0
500,3,0,cool,7.981,2.0770637168938717,3.94896,0.014759779353364293,0.32908,0.14366,0.8150686070336395,0.0004,1.0
500,3,0,cool,7.5346,2.0195057450688374,4.246560000000001,0.020501880885421247,0.35388000000000003,0.11799,4.267504926577626,0.00035999999999999997,1.0
500,3,0,cool,7.1131,1.961938154418195,4.49104,0.016185340582144016,0.3742533333333333,0.09554,3.135454822662031,0.0008,1.0
500,3,0,cool,6.7152,1.9043736135971894,4.639359999999999,0.024090028725595174,0.3866133333333333,0.07494,2.4591318101739144,0.0005200000000000001,1.0
500,3,0,cool,6.3396,1.8468156749761333,4.883839999999999,0.020483070457331398,0.40698666666666666,0.06117,4.730397868036851,0.00088,1.0
500,3,0,cool,5.9849,1.789239630432588,5.252959999999999,0.015510154175893904,0.4377466666666667,0.04504,2.4160307642169268,0.00092,1.0
500,3,0,cool,5.6502,1.7316909427619356,5.64304,0.007360743049448173,0.47025333333333336,0.03153,3.7955179227960967,0.0035600000000000002,1.0
500,3,0,cool,5.3341,1.6741201732406303,6.038239999999999,0.011195171101863502,0.5031866666666667,0.01992,2.840806841331394,0.00404,1.0
500,3,0,cool,5.0357,1.6165525433195078,6.15168,0.008088673404211624,0.51264,0.0152,4.165855216675141,0.00344,1.0
500,3,0,cool,4.754,1.5589863689380021,6.450080000000001,0.01368216483455749,0.5375066666666667,0.01311,3.780553657464613,0.00908,1.0
500,3,0,cool,4.4881,1.501429449612092,6.59104,0.0031839282403974137,0.5492533333333334,0.00928,1.760006655049252,0.00264,1.0
500,3,0,cool,4.237,1.4438554716444223,6.73072,0.0044861169668210625,0.5608933333333334,0.00748,1.7937040455696955,0.011359999999999999,1.0
500,3,0,cool,4.0,1.3862943611198906,6.95776,0.007347810111863208,0.5798133333333334,0.00536,7.0907227879579136,0.016079999999999997,1.0
500,3,0,cool,3.7762,1.3287182129822948,7.2003200000000005,0.004756674788126677,0.6000266666666666,0.00396,2.91150705351643,0.01168,1.0
500,3,0,cool,3.565,1.2711640538662592,7.400000000000001,0.006615038672600526,0.6166666666666667,0.00334,7.308752435803214,0.01428,1.0
500,3,0,cool,3.3656,1.213606253294174,7.593600000000001,0.0062048226920678505,0.6328,0.00282,7.808398694923248,0.020239999999999998,1.0
500,3,0,cool,3.1773,1.156031779535596,7.770399999999999,0.006309065223945615,0.6475333333333333,0.0024,7.863925360205011,0.034159999999999996,1.0
500,3,0,cool,2.9996,1.0984789464450972,7.911679999999999,0.0038432127185468565,0.6593066666666667,0.00169,8.006441320001157,0.025920000000000002,1.0
500,3,0,cool,2.8318,1.0409125518687334,8.03088,0.0008501994119029115,0.6692400000000001,0.0012,2.5755479372703216,0.01748,1.0
500,3,0,cool,2.6734,0.9833510705552356,8.138879999999999,0.002747056344525869,0.67824,0.00117,7.347860455890379,0.023,1.0
500,3,0,cool,2.5238,0.9257657022366732,8.22736,0.0011775461944229352,0.6856133333333334,0.00082,3.934341871371234,0.0314,1.0
500,3,0,cool,2.3826,0.8681923283831238,8.2752,0.0007790603570971837,0.6896000000000001,0.00067,5.575395758458506,0.03056,1.0
500,3,0,cool,2.2494,0.8106635139877844,8.3256,0.0010086996778032042,0.6938000000000001,0.00054,6.539006738145887,0.03,1.0
500,3,0,cool,2.1235,0.7530656707711888,8.366240000000001,0.0011503189818480918,0.6971866666666666,0.00054,2.7057825540092293,0.031920000000000004,1.0
500,3,0,cool,2.0047,0.6954944236282935,8.400159999999998,0.0037129697009268816,0.7000133333333334,0.00063,8.2632292159064,0.03428,1.0
500,3,0,cool,1.8926,0.6379515450919953,8.44848,0.0018475623291245395,0.70404,0.00043,7.263539758299307,0.0348,1.0
500,3,0,cool,1.7867,0.5803703429569844,8.474400000000001,0.000539960887472526,0.7061999999999999,0.00036,4.457151210718482,0.03564,1.0
500,3,0,cool,1.6868,0.5228332428902678,8.502559999999999,0.0015282912811373942,0.7085466666666667,0.00051,4.485896364823176,0.038,1.0
500,3,0,cool,1.5924,0.4652423121440251,8.566559999999999,0.000708324332491581,0.71388,0.00063,3.649728986471591,0.03908,1.0
500,3,0,cool,1.5033,0.40766269165165164,8.6064,0.0009887417458569296,0.7172,0.00049,3.142677470899527,0.04132,1.0
500,3,0,cool,1.4193,0.35016379232307504,8.6616,0.0008360190428454542,0.7218,0.00039,4.457151210716937,0.044,1.0
500,3,0,cool,1.3399,0.29259498431242537,8.68016,0.0010197551863068918,0.7233466666666667,0.00024,6.843773191385937,0.04292,1.0
500,3,0,cool,1.2649,0.234993067671359,8.69264,0.000871248850788279,0.7243866666666666,0.00031,5.748535009990446,0.04372,1.0
500,3,0,cool,1.1942,0.17747650513075494,8.71776,0.001320152960834412,0.72648,0.00024,3.0991412632507607,0.046200000000000005,1.0
500,3,0,cool,1.1274,0.11991409666533755,8.745920000000002,0.0003906908752457808,0.7288266666666666,0.00044,4.210767806982533,0.048,1.0
500,3,0,cool,1.0643,0.062317306064861584,8.79664,0.001787020716164208,0.7330533333333333,0.00027,7.874092372173803,0.05472,1.0
500,3,0,cool,1.0048,0.004788516731797094,8.824,0.0,0.7353333333333333,0.00021,nan,0.06,1.0
500,3,0,cool,0.9485,-0.05287348960706815,8.824,0.0,0.7353333333333333,0.00011,nan,0.062,1.0
500,3,0,cool,0.8955,-0.11037305748137062,8.84448,0.0009232637759600402,0.7370399999999999,0.0002,5.898821719205869,0.06344,1.0
500,3,0,cool,0.8454,-0.16794539084944746,8.851040000000001,0.000712985722157244,0.7375866666666667,0.00024,5.382349551105195,0.061,1.0
500,3,0,cool,0.7981,-0.2255213761001738,8.868,0.0008677544353096347,0.739,0.00036,6.175283942408177,0.061,1.0
500,3,0,cool,0.7535,-0.28302626091558697,8.882240000000001,0.0012936212737892246,0.7401866666666667,0.00043,7.175694220011862,0.058,1.0
500,3,0,cool,0.7113,-0.3406609972426675,8.914400000000002,0.001577649694957728,0.7428666666666667,0.00024,6.239823200500803,0.05672,1.0
500,3,0,cool,0.6715,-0.3982412630188448,8.927999999999999,0.0,0.744,0.00031,nan,0.05292,1.0
500,3,0,cool,0.634,-0.4557063245449111,8.936,1.7763568394002505e-15,0.7446666666666667,0.00014,nan,0.0508,1.0
500,3,0,cool,0.5985,-0.5133287539841092,8.936,1.7763568394002505e-15,0.7446666666666667,0.00022,nan,0.048,1.0
500,3,0,cool,0.565,-0.5709295478356962,8.937280000000001,1.7763568394002505e-15,0.7447733333333334,0.00022,3.352774549022166,0.046439999999999995,1.0
500,3,0,cool,0.5334,-0.6284836672342232,8.964160000000001,0.0008261064338210265,0.7470133333333333,0.00026,6.116550878120832,0.04304,1.0
500,3,0,cool,0.5036,-0.6859729768119448,8.98,0.0007184209351068483,0.7483333333333333,0.00028,3.826869801275962,0.04288,1.0
500,3,0,cool,0.4754,-0.7435987240560435,9.03168,0.0015000492791906533,0.75264,0.00018,5.994944021882022,0.04796,1.0
500,3,0,cool,0.4488,-0.8011779247736506,9.064,1.7763568394002505e-15,0.7553333333333333,0.0001,nan,0.05,1.0
500,3,0,cool,0.4237,-0.8587296213496235,9.0656,1.7763568394002505e-15,0.7554666666666667,0.00021,3.8981458621105953,0.0504,1.0
500,3,0,cool,0.4,-0.916290731874155,9.0808,0.0,0.7567333333333333,0.0002,2.375254669255028,0.051,1.0
500,3,0,heat,0.4237,-0.8587296213496235,9.12368,0.0015586752836943623,0.7603066666666667,0.00016,4.3954365584522685,0.0554,1.0
500,3,0,heat,0.4488,-0.8011779247736506,9.14224,0.0010319078253410467,0.7618533333333333,0.00016,7.451075931369496,0.06308,1.0
500,3,0,heat,0.4754,-0.7435987240560435,9.153120000000001,0.0,0.7627600000000001,0.00016,3.099141263252994,0.064,1.0
500,3,0,heat,0.5036,-0.6859729768119448,9.16,1.7763568394002505e-15,0.7633333333333333,0.0001,nan,0.062,1.0
500,3,0,heat,0.5334,-0.6284836672342232,9.17328,0.0008522065477336025,0.76444,0.00015,4.946365863028802,0.06024,1.0
500,3,0,heat,0.565,-0.5709295478356962,9.179839999999999,0.0008519076006230611,0.7649866666666667,8e-05,6.11655087812083,0.06,1.0
500,3,0,heat,0.5985,-0.5133287539841092,9.184,1.7763568394002505e-15,0.7653333333333333,0.0001,nan,0.05884,1.0
500,3,0,heat,0.634,-0.4557063245449111,9.192,3.552713678800501e-15,0.766,5e-05,nan,0.056,1.0
500,3,0,heat,0.6715,-0.3982412630188448,9.194880000000001,0.0006969919368253009,0.7662399999999999,0.00017,5.171938684989921,0.05416,1.0
500,3,0,heat,0.7113,-0.3406609972426675,9.2,0.0,0.7666666666666667,9e-05,nan,0.05,1.0
500,3,0,heat,0.7535,-0.28302626091558697,9.20768,0.0003867766280426904,0.7673066666666667,9e-05,0.9967052378821298,0.05192,1.0
500,3,0,heat,0.7981,-0.2255213761001738,9.208,0.0,0.7673333333333333,3e-05,nan,0.052,1.0
500,3,0,heat,0.8454,-0.16794539084944746,9.208,0.0,0.7673333333333333,3e-05,nan,0.052,1.0
500,3,0,heat,0.8955,-0.11037305748137062,9.208,0.0,0.7673333333333333,4e-05,nan,0.05,1.0
500,3,0,heat,0.9485,-0.05287348960706815,9.208,0.0,0.7673333333333333,5e-05,nan,0.05,1.0
500,3,0,heat,1.0048,0.004788516731797094,9.208,0.0,0.7673333333333333,0.0001,nan,0.05,1.0
500,3,0,heat,1.0643,0.062317306064861584,9.21024,0.0005079111733359557,0.76752,6e-05,4.555616928225032,0.04912,1.0
500,3,0,heat,1.1274,0.11991409666533755,9.224,0.0,0.7686666666666667,0.0001,nan,0.052,1.0
500,3,0,heat,1.1942,0.17747650513075494,9.237759999999998,0.0014135490652961063,0.7698133333333333,0.00012,5.171938684987868,0.05332,1.0
500,3,0,heat,1.2649,0.234993067671359,9.247999999999998,0.0,0.7706666666666667,0.00012,nan,0.05772,1.0
500,3,0,heat,1.3399,0.29259498431242537,9.247999999999998,0.0,0.7706666666666667,3e-05,nan,0.054,1.0
500,3,0,heat,1.4193,0.35016379232307504,9.25456,0.0007795870701855609,0.7712133333333333,6e-05,3.986404802703374,0.05372,1.0
500,3,0,heat,1.5033,0.40766269165165164,9.264,1.7763568394002505e-15,0.772,6e-05,nan,0.058,1.0
500,3,0,heat,1.5924,0.4652423121440251,9.264,1.7763568394002505e-15,0.772,9e-05,nan,0.058,1.0
500,3,0,heat,1.6868,0.5228332428902678,9.271999999999998,0.0,0.7726666666666666,6e-05,nan,0.06164,1.0
500,3,0,heat,1.7867,0.5803703429569844,9.271999999999998,0.0,0.7726666666666666,0.00014,nan,0.058159999999999996,1.0
500,3,0,heat,1.8926,0.6379515450919953,9.271999999999998,0.0,0.7726666666666666,6e-05,nan,0.056,1.0
500,3,0,heat,2.0047,0.6954944236282935,9.271999999999998,0.0,0.7726666666666666,0.00011,nan,0.06,1.0
500,3,0,heat,2.1235,0.7530656707711888,9.271999999999998,0.0,0.7726666666666666,5e-05,nan,0.06492,1.0
500,3,0,heat,2.2494,0.8106635139877844,9.269120000000001,0.0007606296339215646,0.7724266666666667,0.0001,5.171938684987552,0.06768,1.0
500,3,0,heat,2.3826,0.8681923283831238,9.264,1.7763568394002505e-15,0.772,7e-05,nan,0.07076,1.0
500,3,0,heat,2.5238,0.9257657022366732,9.28288,0.0014816801274229296,0.7735733333333332,0.00016,6.304456370515368,0.08076,1.0
500,3,0,heat,2.6734,0.9833510705552356,9.28256,0.000644330846693074,0.7735466666666666,0.00024,4.707546391422438,0.07848000000000001,1.0
500,3,0,heat,2.8318,1.0409125518687334,9.293119999999998,0.000909828643207281,0.7744266666666667,0.00018,5.171938684989923,0.0778,1.0
500,3,0,heat,2.9996,1.0984789464450972,9.300799999999999,0.0007905404733472605,0.7750666666666666,0.00016,5.5753957584593214,0.082,1.0
500,3,0,heat,3.1773,1.156031779535596,9.313919999999998,0.0008309728274741713,0.77616,0.00015,4.210767806977521,0.086,1.0
500,3,0,heat,3.3656,1.213606253294174,9.324639999999999,0.0007845935508276571,0.7770533333333333,0.00018,5.748535009991576,0.09620000000000001,1.0
500,3,0,heat,3.565,1.2711640538662592,9.33152,0.0007212495823221584,0.7776266666666667,0.00017,2.0301235839007528,0.08916,1.0
500,3,0,heat,3.7762,1.3287182129822948,9.3328,0.0010139377495684734,0.7777333333333333,0.00021,2.8274561099977733,0.08708,1.0
500,3,0,heat,4.0,1.3862943611198906,9.32096,0.0005921383622089033,0.7767466666666666,0.00024,2.7667676863851467,0.0846,1.0
500,3,0,heat,4.237,1.4438554716444223,9.2808,0.0020721589128250774,0.7734,0.00041,7.549384750988113,0.09036,1.0
500,3,0,heat,4.4881,1.501429449612092,9.268799999999999,0.0007788171544076735,0.7724,0.00027,3.243335071832467,0.08968000000000001,1.0
500,3,0,heat,4.754,1.5589863689380021,9.222560000000001,0.0016933328083988451,0.7685466666666666,0.00041,6.699907000790832,0.09440000000000001,1.0
500,3,0,heat,5.0357,1.6165525433195078,9.20016,0.0037306587943687114,0.76668,0.00043,6.976194633108459,0.08612,1.0
500,3,0,heat,5.3341,1.6741201732406303,9.072000000000001,0.007480489513394051,0.756,0.00086,7.650336208955448,0.07856,1.0
500,3,0,heat,5.6502,1.7316909427619356,8.892479999999999,0.007080144303614075,0.7410399999999999,0.00132,7.323897084761246,0.07964,1.0
500,3,0,heat,5.9849,1.789239630432588,8.486399999999998,0.017306794647189924,0.7071999999999999,0.00236,7.153761574296898,0.05316,1.0
500,3,0,heat,6.3396,1.8468156749761333,7.761760000000001,0.03751867647132557,0.6468133333333334,0.00606,8.478291087502228,0.047560000000000005,1.0
500,3,0,heat,6.7152,1.9043736135971894,6.35232,0.050742331076134045,0.5293599999999999,0.01925,7.797516374224801,0.0188,1.0
500,3,0,heat,7.1131,1.961938154418195,4.488160000000001,0.01943880530896894,0.3740133333333333,0.07897,2.3175131906883646,0.00068,1.0
500,3,0,heat,7.5346,2.0195057450688374,4.24768,0.016319612328728937,0.35397333333333336,0.11637,0.8244109082121525,0.00032,1.0
500,3,0,heat,7.981,2.0770637168938717,4.01696,0.040559876922890224,0.3347466666666667,0.13536,3.9068178758581356,8e-05,1.0
500,3,0,heat,8.454,2.1346397021445984,3.71424,0.015385624350022312,0.30951999999999996,0.1653,0.961673758731773,8e-05,1.0
500,3,0,heat,8.9549,2.192200868504484,3.5816,0.020079358599317837,0.29846666666666666,0.1936,1.981945014377053,0.00028000000000000003,1.0
500,3,0,heat,9.4855,2.249764316810463,3.4208,0.017743041885764685,0.2850666666666667,0.219,1.2073584434554345,8e-05,1.0
500,3,0,heat,10.0475,2.307323847341219,3.21568,0.025080233351386517,0.26797333333333334,0.25128,2.141715294162865,0.00011999999999999999,1.0
500,3,0,heat,10.6429,2.3648930031677304,3.1425599999999996,0.014508560843860421,0.26188,0.2734,1.26657228063547,0.00011999999999999999,1.0
500,3,0,heat,11.2735,2.4224548388444296,2.9352000000000005,0.02255126169419352,0.24459999999999998,0.30764,1.0521012796219207,0.00016,1.0
500,3,0,heat,11.9415,2.4800197282146055,2.83376,0.025595635287290686,0.23614666666666667,0.33463,2.162523652525176,0.0,1.0
500,3,0,heat,12.6491,2.5375860663974557,2.70688,0.021878565141251825,0.22557333333333335,0.36689,0.6342494971114656,4e-05,1.0
500,3,0,heat,13.3986,2.5951502238867596,2.6230399999999996,0.018487234964699284,0.21858666666666665,0.39492,0.9037655699768319,4e-05,1.0
500,3,0,heat,14.1925,2.6527136560627445,2.48368,0.02187129646271571,0.20697333333333331,0.42273,0.8918798598605381,0.00016,1.0
500,3,0,heat,15.0335,2.7102810442535694,2.37392,0.018246041034701215,0.19782666666666668,0.45069,0.4660820604898256,0.0,1.0
500,3,0,heat,15.9243,2.767846244448176,2.3680000000000003,0.019846868101541876,0.19733333333333333,0.47433,1.096986400849336,0.0,1.0
500,3,0,heat,16.8679,2.8254124074816325,2.21344,0.019000644751165672,0.18445333333333333,0.50514,0.37254477031614763,0.0,1.0
500,3,0,heat,17.8673,2.882972226541584,2.15648,0.015085912920337306,0.17970666666666668,0.52177,1.772086433645511,0.0,1.0
500,3,0,heat,18.9261,2.9405419218087405,2.06048,0.013146338100018586,0.17170666666666667,0.54712,0.7018449979893311,4e-05,1.0
500,3,0,heat,20.0475,2.9981044576990468,2.0292800000000004,0.01183720763693872,0.16910666666666666,0.56337,0.32052131857809796,0.0,1.0
500,3,0,heat,21.2354,3.0556696004138186,1.98544,0.016673206573421924,0.16545333333333334,0.5853,1.4215677045947386,0.0,1.0
500,3,0,heat,22.4937,3.1132352700030554,1.9281600000000003,0.014129838589311624,0.16068000000000002,0.60196,0.3249481444427649,0.0,1.0
500,3,0,heat,23.8265,3.1707984066350265,1.8459199999999998,0.018344836836559745,0.15382666666666667,0.61812,0.7149343877542476,0.0,1.0
500,3,0,heat,25.2383,3.2283626819973796,1.8184,0.015745823446234857,0.15153333333333335,0.64117,0.5685277433451268,0.0,1.0
500,3,0,heat,26.7338,3.2859286824111007,1.7816,0.013184124392617047,0.14846666666666666,0.65769,0.5787537732879848,0.0,1.0
500,3,0,heat,28.3178,3.3434905821921714,1.7692800000000002,0.0156229610458453,0.14744,0.66871,0.5411557083862911,0.0,1.0
500,3,0,heat,29.9958,3.4010573718612407,1.6843199999999998,0.014644119442288082,0.14035999999999998,0.68902,0.3104851924743145,0.0,1.0
500,3,0,heat,31.7731,3.4586200198510353,1.6694399999999998,0.018274326016573087,0.13912,0.70032,0.45285121006418294,0.0,1.0
500,3,0,heat,33.6558,3.516185403793739,1.624,0.01610762669545083,0.13533333333333333,0.71156,0.6776592171174299,0.0,1.0
500,3,0,heat,35.65,3.573749146860305,1.60352,0.012276068582408622,0.13362666666666667,0.72276,0.26532317176579556,4e-05,1.0
500,3,0,heat,37.7624,3.631313898579526,1.5750400000000002,0.01425792136883915,0.13125333333333333,0.73727,0.2606601017251872,0.0,1.0
500,3,0,heat,40.0,3.6888794541139363,1.54208,0.016693049782469355,0.12850666666666666,0.74612,0.37480545265727144,0.0,1.0
