N,points,protocol,budget_per_point,replica,folded,flat,melted,folded_share,phi_end,h_end_per_point,drift,symmetries_end,d0,d1,d2,d3,d4,d5,d6
36,named,single,0.5,0,0,36,0,,1.0,0.0,0.0,144,0,0,36,0,0,0,0
36,named,single,0.5,1,0,36,0,,1.0,0.0,0.0,144,0,0,36,0,0,0,0
36,named,single,0.5,2,0,36,0,,1.0,0.0,0.0,144,0,0,36,0,0,0,0
36,named,single,0.5,3,0,36,0,,1.0,0.0,0.0,144,0,0,36,0,0,0,0
36,named,single,0.5,4,0,36,0,,1.0,0.0,0.0,144,0,0,36,0,0,0,0
36,named,single,0.5,5,0,36,0,,1.0,0.0,0.0,144,0,0,36,0,0,0,0
36,named,single,1.0,0,2,28,6,0.25,0.9722222222222222,1.0,0.0,1,0,2,28,6,0,0,0
36,named,single,1.0,1,2,28,6,0.25,0.9722222222222222,1.0,0.0,1,0,2,28,6,0,0,0
36,named,single,1.0,2,7,27,2,0.7777777777777778,1.0277777777777777,0.9444444444444444,0.0,1,0,7,27,1,1,0,0
36,named,single,1.0,3,2,28,6,0.25,0.9722222222222222,1.0,0.0,1,0,2,28,6,0,0,0
36,named,single,1.0,4,0,28,8,0.0,0.9444444444444444,0.8888888888888888,0.0,1,0,0,28,8,0,0,0
36,named,single,1.0,5,0,28,8,0.0,0.9444444444444444,0.8888888888888888,0.0,1,0,0,28,8,0,0,0
36,named,single,2.0,0,1,26,9,0.1,0.9444444444444444,2.0,0.0,1,0,1,26,9,0,0,0
36,named,single,2.0,1,4,24,8,0.3333333333333333,0.9722222222222222,1.8333333333333333,0.0,1,0,4,24,8,0,0,0
36,named,single,2.0,2,6,20,10,0.375,0.9722222222222222,1.9722222222222223,0.0,1,1,5,20,9,1,0,0
36,named,single,2.0,3,4,20,12,0.25,0.9444444444444444,2.0,0.0,1,0,4,20,12,0,0,0
36,named,single,2.0,4,2,24,10,0.16666666666666666,0.9444444444444444,1.8611111111111112,0.0,1,0,2,24,10,0,0,0
36,named,single,2.0,5,1,24,11,0.08333333333333333,0.9166666666666666,1.8888888888888888,0.0,1,0,1,24,9,2,0,0
36,named,single,4.0,0,2,10,24,0.07692307692307693,0.8055555555555556,3.9444444444444446,0.0,1,0,2,10,18,6,0,0
36,named,single,4.0,1,0,10,26,0.0,0.7777777777777778,3.9722222222222223,0.0,1,0,0,10,20,6,0,0
36,named,single,4.0,2,0,13,23,0.0,0.8055555555555556,3.6666666666666665,0.0,1,0,0,13,18,5,0,0
36,named,single,4.0,3,0,12,24,0.0,0.7777777777777778,3.9722222222222223,0.0,1,0,0,12,17,6,1,0
36,named,single,4.0,4,1,12,23,0.041666666666666664,0.8055555555555556,3.388888888888889,0.0,1,0,1,12,17,6,0,0
36,named,single,4.0,5,0,8,28,0.0,0.7777777777777778,3.8333333333333335,0.0,1,0,0,8,24,4,0,0
36,named,bath,2.0,0,8,28,0,1.0,1.0555555555555556,0.5,0.0,2,0,8,28,0,0,0,0
36,named,bath,2.0,1,0,32,4,0.0,0.9722222222222222,0.7222222222222222,0.0,1,0,0,32,4,0,0,0
36,named,bath,2.0,2,5,30,1,0.8333333333333334,1.0277777777777777,0.6666666666666666,0.0,2,0,5,30,1,0,0,0
36,named,bath,2.0,3,0,32,4,0.0,0.9722222222222222,0.7222222222222222,0.0,1,0,0,32,4,0,0,0
36,named,bath,2.0,4,6,28,2,0.75,1.0277777777777777,0.8055555555555556,0.0,1,0,6,28,2,0,0,0
36,named,bath,2.0,5,0,28,8,0.0,0.9444444444444444,0.8888888888888888,0.0,1,0,0,28,8,0,0,0
36,named,bath,4.0,0,2,28,6,0.25,0.9722222222222222,0.8611111111111112,0.0,1,0,2,28,6,0,0,0
36,named,bath,4.0,1,2,32,2,0.5,1.0,0.6944444444444444,0.0,1,0,2,32,2,0,0,0
36,named,bath,4.0,2,2,28,6,0.25,0.9722222222222222,1.1388888888888888,0.0,1,0,2,28,6,0,0,0
36,named,bath,4.0,3,0,32,4,0.0,0.9722222222222222,0.4444444444444444,0.0,2,0,0,32,4,0,0,0
36,named,bath,4.0,4,0,36,0,,1.0,0.0,0.0,24,0,0,36,0,0,0,0
36,named,bath,4.0,5,12,24,0,1.0,1.0833333333333333,0.3333333333333333,0.0,4,0,12,24,0,0,0,0
36,named,bath,8.0,0,0,32,4,0.0,0.9722222222222222,1.1388888888888888,0.0,1,0,0,32,4,0,0,0
36,named,bath,8.0,1,2,22,12,0.14285714285714285,0.9166666666666666,1.75,0.0,1,0,2,22,10,2,0,0
36,named,bath,8.0,2,2,32,2,0.5,1.0,0.4166666666666667,0.0,1,0,2,32,2,0,0,0
36,named,bath,8.0,3,0,32,4,0.0,0.9722222222222222,0.4444444444444444,0.0,2,0,0,32,4,0,0,0
36,named,bath,8.0,4,0,18,18,0.0,0.8611111111111112,2.5,0.0,1,0,0,18,16,2,0,0
36,named,bath,8.0,5,1,23,12,0.07692307692307693,0.9166666666666666,1.8888888888888888,0.0,1,0,1,23,11,1,0,0
36,named,bath,16.0,0,0,7,29,0.0,0.7222222222222222,4.861111111111111,0.0,1,0,0,7,18,11,0,0
36,named,bath,16.0,1,4,19,13,0.23529411764705882,0.9166666666666666,3.138888888888889,0.0,1,0,4,19,10,3,0,0
36,named,bath,16.0,2,2,16,18,0.1,0.8611111111111112,3.1944444444444446,0.0,1,0,2,16,14,4,0,0
36,named,bath,16.0,3,1,16,19,0.05,0.8333333333333334,3.2222222222222223,0.0,1,0,1,16,13,6,0,0
36,named,bath,16.0,4,0,6,30,0.0,0.7222222222222222,5.0,0.0,1,0,0,6,20,10,0,0
36,named,bath,16.0,5,0,11,25,0.0,0.7777777777777778,3.9722222222222223,0.0,1,0,0,11,19,5,1,0
