N,lx,ly,replica,lam,g,seed,sweeps,waiting,phi_final,released,expected,released_first_window,ledge_sweeps,settle_sweeps,reached,f_200,sweep_25,pieces_25,largest_25,converted_25,d0_25,d1_25,d2_25,d3_25,d4_25,d5_25,d6_25,sweep_50,pieces_50,largest_50,converted_50,d0_50,d1_50,d2_50,d3_50,d4_50,d5_50,d6_50,sweep_75,pieces_75,largest_75,converted_75,d0_75,d1_75,d2_75,d3_75,d4_75,d5_75,d6_75
144,36,4,0,1.35,1.5,3772499439,79300,450,1.0,1.4000000000000001,1.4000000000000004,1.0718981481481482,76800,78000,0.75,0.0,840,5,0.8181818181818182,44,0,96,44,4,0,0,0,905,4,0.6470588235294118,68,0,72,68,4,0,0,0,1145,4,0.68,100,0,40,100,4,0,0,0
144,36,4,1,1.35,1.5,2282629707,101120,365,1.0,1.2500000000000002,1.4000000000000004,0.5693287037037039,74400,100200,0.75,0.11111111111111072,510,4,0.7857142857142857,28,0,108,28,8,0,0,0,650,4,0.5098039215686274,51,0,83,51,9,1,0,0,740,3,0.9634146341463414,82,0,49,82,13,0,0,0
144,36,4,2,1.35,1.5,967586406,4000,205,1.0,1.4000000000000001,1.4000000000000004,1.283402777777778,600,2400,0.75,0.2777777777777777,205,2,0.6,40,0,104,40,0,0,0,0,315,1,1.0,68,0,74,68,2,0,0,0,525,1,1.0,108,0,36,108,0,0,0,0
144,36,4,3,1.35,1.5,1153407861,4065,205,1.0,1.4000000000000001,1.4000000000000004,1.283101851851852,1200,2400,0.75,0.11111111111111072,565,5,0.7777777777777778,36,0,104,36,4,0,0,0,780,1,1.0,72,0,72,72,0,0,0,0,1020,1,1.0,120,0,24,120,0,0,0,0
144,36,4,4,1.35,1.5,849010820,101600,495,1.0,0.8372685185185188,1.4000000000000004,0.5683912037037039,37800,100200,0.75,0.0,610,4,0.7857142857142857,28,0,108,28,8,0,0,0,1100,6,0.6153846153846154,52,0,80,52,12,0,0,0,1310,6,0.4,85,0,48,85,10,1,0,0
144,36,4,5,1.35,1.5,4139345250,101150,235,1.0,1.0875578703703705,1.4000000000000004,0.11037037037037067,18600,100200,0.75,0.0,290,5,0.7142857142857143,28,0,112,28,4,0,0,0,435,5,0.6458333333333334,48,0,84,48,12,0,0,0,605,5,0.5405405405405406,74,0,51,74,19,0,0,0
144,36,4,6,1.35,1.5,4048814022,100970,270,1.0,1.213888888888889,1.4000000000000004,0.7619097222222224,24000,100200,0.75,0.11111111111111072,355,5,0.8,40,0,100,40,4,0,0,0,390,4,0.6470588235294118,68,0,72,68,4,0,0,0,590,4,0.7252747252747253,91,0,43,91,9,1,0,0
144,36,4,7,1.35,1.5,816871484,10295,740,1.0,1.4000000000000001,1.4000000000000004,0.9580092592592594,7200,9000,0.75,0.0,825,1,1.0,36,0,108,36,0,0,0,0,1025,1,1.0,64,0,74,64,6,0,0,0,1105,2,0.74,100,0,38,100,6,0,0,0
144,36,4,8,1.35,1.5,1502560562,100645,205,1.0,0.8149537037037038,1.4000000000000004,0.029363425925926112,37200,100200,0.75,0.3888888888888893,205,7,0.7,40,0,96,40,8,0,0,0,265,8,0.625,48,0,80,48,16,0,0,0,280,12,0.4838709677419355,62,0,59,62,23,0,0,0
144,36,4,9,1.35,1.5,1827651517,101930,235,0.9791666666666666,1.213888888888889,1.4000000000000004,0.9186689814814815,58200,100200,0.75,0.25,205,1,1.0,36,0,108,36,0,0,0,0,275,3,0.9375,64,0,76,64,4,0,0,0,690,2,0.9807692307692307,104,0,36,104,4,0,0,0
144,36,4,10,1.35,1.5,878110303,85975,205,1.0,1.4000000000000001,1.4000000000000004,0.8666666666666669,83400,85200,0.75,0.30555555555555536,205,2,0.9444444444444444,36,0,102,36,6,0,0,0,455,3,0.5,56,0,80,56,8,0,0,0,590,2,0.7692307692307693,78,0,51,78,15,0,0,0
144,36,4,11,1.35,1.5,4074236434,102735,465,1.0,1.2500000000000002,1.4000000000000004,1.050277777777778,12600,100200,0.75,0.0,830,3,0.875,32,0,108,32,4,0,0,0,1140,3,0.5625,64,0,76,64,4,0,0,0,1800,6,0.56,100,0,36,100,8,0,0,0
144,36,4,12,1.35,1.5,2336549422,200200,360,1.0208333333333333,1.2833333333333334,1.4000000000000004,1.2833333333333334,0,100200,0.75,0.0,500,8,0.5,28,0,108,28,8,0,0,0,785,4,0.9117647058823529,68,0,72,68,4,0,0,0,975,8,0.8170731707317073,82,0,49,82,13,0,0,0
144,36,4,13,1.35,1.5,1605095783,102175,770,1.0,1.1361111111111113,1.4000000000000004,1.1361111111111113,0,100200,0.75,0.0,1060,8,0.42857142857142855,28,0,104,28,12,0,0,0,1205,4,0.625,64,0,76,64,4,0,0,0,1360,3,0.78,100,0,40,100,4,0,0,0
144,36,4,14,1.35,1.5,1830581513,102130,570,1.0,1.119525462962963,1.4000000000000004,0.6182291666666668,10200,100200,0.75,0.0,1680,5,0.75,32,0,108,32,4,0,0,0,1765,4,0.75,64,0,76,64,4,0,0,0,1815,8,0.7391304347826086,92,0,44,92,8,0,0,0
144,36,4,15,1.35,1.5,255687505,5305,615,0.9930555555555556,1.4000000000000001,1.4000000000000004,1.1559722222222222,1200,2400,0.75,0.0,710,1,1.0,40,0,102,40,2,0,0,0,945,1,1.0,72,0,72,72,0,0,0,0,1200,1,1.0,108,0,36,108,0,0,0,0
144,36,4,16,1.35,1.5,1385320788,101295,215,1.0,1.2500000000000002,1.4000000000000004,1.0599537037037037,61200,100200,0.75,0.11111111111111072,290,5,0.7142857142857143,28,0,112,28,4,0,0,0,560,3,0.65625,64,0,76,64,4,0,0,0,680,8,0.8295454545454546,88,0,42,88,14,0,0,0
144,36,4,17,1.35,1.5,2892207194,101265,805,1.0,1.213888888888889,1.4000000000000004,0.5558680555555556,4200,100200,0.75,0.0,840,7,0.5,24,0,112,24,8,0,0,0,905,5,0.48,50,0,84,50,8,2,0,0,1030,7,0.8636363636363636,88,0,44,88,12,0,0,0
144,36,4,18,1.35,1.5,2978820519,100940,205,0.9930555555555556,0.9847337962962964,1.4000000000000004,0.3817592592592596,99600,100200,0.75,0.2777777777777777,290,3,0.875,32,0,108,32,4,0,0,0,315,11,0.5833333333333334,48,0,84,48,12,0,0,0,375,5,0.4864864864864865,74,0,53,74,17,0,0,0
144,36,4,19,1.35,1.5,3469387032,30500,220,1.0,1.4000000000000001,1.4000000000000004,1.0139351851851854,7200,8400,0.75,0.22222222222222232,220,3,0.5185185185185185,27,0,111,27,5,1,0,0,695,6,0.6428571428571429,56,0,80,56,8,0,0,0,1390,3,0.86,100,0,40,100,4,0,0,0
144,36,4,20,1.35,1.5,946198256,101005,205,1.0,0.9888888888888889,1.4000000000000004,0.11957175925925934,71400,100200,0.75,0.2777777777777777,205,4,0.6,20,0,114,20,10,0,0,0,430,6,0.8,50,0,79,50,15,0,0,0,530,6,0.7058823529411765,68,0,56,68,20,0,0,0
144,36,4,21,1.35,1.5,4276863193,101330,425,1.0,1.0464351851851852,1.4000000000000004,0.8531944444444445,12600,100200,0.75,0.0,515,4,0.7857142857142857,28,0,112,28,4,0,0,0,640,6,0.8214285714285714,56,0,80,56,8,0,0,0,975,5,0.8536585365853658,82,0,49,82,13,0,0,0
144,36,4,22,1.35,1.5,1649922060,101565,255,0.9930555555555556,0.9730092592592594,1.4000000000000004,0.29104166666666664,37200,100200,0.75,0.0,660,1,1.0,36,0,108,36,0,0,0,0,730,8,0.75,56,0,80,56,8,0,0,0,970,7,0.6233766233766234,77,0,52,77,14,1,0,0
144,36,4,23,1.35,1.5,363111488,50215,290,1.0,1.4000000000000001,1.4000000000000004,1.0954861111111112,42000,43200,0.75,0.0,465,1,1.0,40,0,104,40,0,0,0,0,570,5,0.7352941176470589,68,0,72,68,4,0,0,0,905,3,0.8125,96,0,42,96,6,0,0,0
144,36,4,24,1.35,1.5,386170378,101480,205,1.0,1.138888888888889,1.4000000000000004,0.7085300925925925,37200,100200,0.75,0.2777777777777777,205,3,0.875,32,0,108,32,4,0,0,0,580,7,0.7857142857142857,56,0,80,56,8,0,0,0,735,10,0.5641025641025641,78,0,49,78,17,0,0,0
144,36,4,25,1.35,1.5,2399434800,101485,330,0.9861111111111112,1.213888888888889,1.4000000000000004,0.6797106481481482,12000,100200,0.75,0.0,445,4,0.8076923076923077,26,0,113,26,5,0,0,0,845,2,0.9818181818181818,55,0,81,55,7,1,0,0,1145,2,0.9791666666666666,96,0,42,96,6,0,0,0
144,36,4,26,1.35,1.5,3880966904,106015,205,1.0,0.9481944444444445,1.4000000000000004,0.8948958333333334,16800,100200,0.75,0.05555555555555536,925,3,0.875,32,0,108,32,4,0,0,0,1155,3,0.53125,64,0,74,64,6,0,0,0,1235,4,0.45454545454545453,88,0,46,88,10,0,0,0
144,36,4,27,1.35,1.5,248937287,101320,205,1.0,1.213888888888889,1.4000000000000004,1.0409722222222224,51000,100200,0.75,0.41666666666666696,205,4,0.5384615384615384,52,0,88,52,4,0,0,0,305,4,0.5,64,0,76,64,4,0,0,0,550,3,0.62,100,0,40,100,4,0,0,0
144,36,4,28,1.35,1.5,283801257,101380,380,1.0,1.2465972222222224,1.4000000000000004,0.8229629629629631,96600,100200,0.75,0.0,550,1,1.0,40,0,104,40,0,0,0,0,870,1,1.0,68,0,74,68,2,0,0,0,1095,4,0.9545454545454546,110,0,29,110,5,0,0,0
144,36,4,29,1.35,1.5,2815143943,13240,205,1.0,1.4000000000000001,1.4000000000000004,1.283402777777778,9000,10200,0.75,0.25,205,4,0.7857142857142857,28,0,112,28,4,0,0,0,565,1,1.0,72,0,72,72,0,0,0,0,715,1,1.0,108,0,36,108,0,0,0,0
144,36,4,30,1.35,1.5,2266174546,8025,230,1.0,1.4000000000000001,1.4000000000000004,1.2843055555555556,4200,5400,0.75,0.0,685,1,1.0,36,0,108,36,0,0,0,0,1010,1,1.0,72,0,72,72,0,0,0,0,1075,7,0.8846153846153846,104,0,32,104,8,0,0,0
144,36,4,31,1.35,1.5,1721291484,101425,485,1.0,0.9959837962962964,1.4000000000000004,0.3731944444444444,44400,100200,0.75,0.0,785,10,0.2857142857142857,28,0,104,28,12,0,0,0,835,7,0.35714285714285715,56,0,80,56,8,0,0,0,1080,5,0.38636363636363635,88,0,44,88,12,0,0,0
144,36,4,32,1.35,1.5,3747998049,5570,220,1.0,1.4000000000000001,1.4000000000000004,1.2858101851851853,3600,4800,0.75,0.19444444444444464,230,1,1.0,36,0,108,36,0,0,0,0,370,1,1.0,72,0,72,72,0,0,0,0,560,5,0.92,100,0,40,100,4,0,0,0
144,36,4,33,1.35,1.5,799978478,101315,220,1.0,0.780902777777778,1.4000000000000004,0.3142129629629631,37200,100200,0.75,0.0,360,4,0.75,24,0,112,24,8,0,0,0,475,6,0.631578947368421,38,0,90,38,14,2,0,0,710,6,0.589041095890411,73,0,52,73,18,1,0,0
144,36,4,34,1.35,1.5,4083682604,101585,210,0.9930555555555556,0.8258217592592594,1.4000000000000004,0.1451504629629632,55200,100200,0.75,0.2777777777777777,205,7,0.5,24,0,112,24,8,0,0,0,330,7,0.64,50,0,81,50,13,0,0,0,550,8,0.4634146341463415,82,0,47,82,15,0,0,0
144,36,4,35,1.35,1.5,2235814556,101250,575,0.9930555555555556,1.1361111111111113,1.4000000000000004,0.5444907407407407,15000,100200,0.75,0.0,640,4,0.625,32,0,108,32,4,0,0,0,840,7,0.3333333333333333,60,0,76,60,8,0,0,0,915,7,0.37037037037037035,81,0,48,81,14,1,0,0
144,36,4,36,1.35,1.5,3981305579,9100,260,1.0,1.4000000000000001,1.4000000000000004,1.2849074074074076,3600,4800,0.75,0.0,430,1,1.0,36,0,108,36,0,0,0,0,590,2,0.8823529411764706,68,0,74,68,2,0,0,0,695,4,0.6730769230769231,104,0,36,104,4,0,0,0
144,36,4,37,1.35,1.5,2884553991,101560,455,1.0,0.9665046296296298,1.4000000000000004,0.16895833333333332,11400,100200,0.75,0.0,810,7,0.5,24,0,112,24,8,0,0,0,895,7,0.35714285714285715,42,0,87,42,15,0,0,0,1040,6,0.3888888888888889,72,0,54,72,18,0,0,0
144,36,4,38,1.35,1.5,1989613082,101170,435,1.0,1.1361111111111113,1.4000000000000004,1.0535185185185187,1200,100200,0.75,0.0,480,5,0.7777777777777778,36,0,104,36,4,0,0,0,615,4,0.75,64,0,76,64,4,0,0,0,720,5,0.625,96,0,40,96,8,0,0,0
144,36,4,39,1.35,1.5,4165711253,37645,205,1.0,1.4000000000000001,1.4000000000000004,0.8519444444444446,34800,36600,0.75,0.22222222222222232,295,3,0.8571428571428571,28,0,112,28,4,0,0,0,690,4,0.53125,64,0,72,64,8,0,0,0,880,4,0.5287356321839081,87,0,47,87,9,1,0,0
144,36,4,40,1.35,1.5,2200515536,10360,325,1.0,1.39375,1.4000000000000004,0.7900000000000003,7800,9000,0.75,0.0,485,4,0.8333333333333334,36,0,104,36,4,0,0,0,620,8,0.7,60,0,76,60,8,0,0,0,750,7,0.6808510638297872,94,0,41,94,9,0,0,0
144,36,4,41,1.35,1.5,1528068046,23895,385,1.0,1.4000000000000001,1.4000000000000004,0.962627314814815,20400,22200,0.75,0.0,1135,1,1.0,36,0,108,36,0,0,0,0,1440,1,1.0,72,0,72,72,0,0,0,0,1550,4,0.94,100,0,40,100,4,0,0,0
144,36,4,42,1.35,1.5,1330346158,103790,205,1.0,1.1361111111111113,1.4000000000000004,1.054178240740741,1200,100200,0.75,0.11111111111111072,540,4,0.8076923076923077,26,0,113,26,5,0,0,0,830,3,0.78125,64,0,76,64,4,0,0,0,1190,3,0.7254901960784313,102,0,37,102,5,0,0,0
144,36,4,43,1.35,1.5,2351553227,101755,255,0.9930555555555556,1.288888888888889,1.4000000000000004,0.742824074074074,8400,100200,0.75,0.0,645,1,1.0,40,0,104,40,0,0,0,0,755,1,1.0,68,0,74,68,2,0,0,0,975,4,0.9,100,0,40,100,4,0,0,0
144,36,4,44,1.35,1.5,1913765130,2990,310,1.0,1.4000000000000001,1.4000000000000004,1.3775000000000002,0,1800,0.75,0.0,400,1,1.0,36,0,108,36,0,0,0,0,650,1,1.0,72,0,72,72,0,0,0,0,950,1,1.0,108,0,36,108,0,0,0,0
144,36,4,45,1.35,1.5,1088563346,101550,305,1.0,1.2500000000000002,1.4000000000000004,0.7224074074074074,9600,100200,0.75,0.22222222222222232,305,3,0.875,32,0,108,32,4,0,0,0,315,7,0.6666666666666666,48,0,84,48,12,0,0,0,550,3,0.9574468085106383,94,0,41,94,9,0,0,0
144,36,4,46,1.35,1.5,342075440,101755,205,1.0,0.9081712962962966,1.4000000000000004,0.3943749999999997,19800,100200,0.75,0.11111111111111072,530,4,0.7,20,0,116,20,8,0,0,0,1015,1,1.0,52,0,82,52,10,0,0,0,1185,4,0.9418604651162791,86,0,47,86,11,0,0,0
144,36,4,47,1.35,1.5,891122561,101880,500,1.0,1.2045254629629631,1.4000000000000004,0.4318402777777781,47400,100200,0.75,0.0,610,3,0.9,40,0,100,40,4,0,0,0,720,1,1.0,66,0,75,66,3,0,0,0,865,5,0.9090909090909091,88,0,44,88,12,0,0,0
144,36,4,48,1.35,1.5,2003136905,101890,225,1.0,1.1361111111111113,1.4000000000000004,0.5331365740740742,4800,100200,0.75,0.0,395,5,0.7666666666666667,30,0,105,30,9,0,0,0,450,4,0.5,46,0,85,46,13,0,0,0,1325,5,0.5116279069767442,86,0,47,86,11,0,0,0
144,36,4,49,1.35,1.5,3703268175,100915,205,1.0,1.1361111111111113,1.4000000000000004,1.1258680555555558,600,100200,0.75,0.30555555555555536,205,4,0.5555555555555556,36,0,104,36,4,0,0,0,315,3,0.5625,64,0,76,64,4,0,0,0,540,3,0.9693877551020408,98,0,41,98,5,0,0,0
144,36,4,50,1.35,1.5,138127499,101425,345,1.0,0.6937731481481482,1.4000000000000004,0.03136574074074061,49800,100200,0.75,0.0,780,6,0.25,16,0,116,16,12,0,0,0,915,6,0.8043478260869565,46,0,83,46,15,0,0,0,985,6,0.6388888888888888,72,0,54,72,18,0,0,0
144,36,4,51,1.35,1.5,3202484526,6495,365,1.0,1.4000000000000001,1.4000000000000004,1.2434027777777779,3000,4800,0.75,0.11111111111111072,365,2,0.5714285714285714,28,0,112,28,4,0,0,0,585,2,0.6666666666666666,72,0,72,72,0,0,0,0,720,1,1.0,108,0,36,108,0,0,0,0
144,36,4,52,1.35,1.5,565879714,101735,525,1.0,1.0984953703703706,1.4000000000000004,0.8002546296296299,8400,100200,0.75,0.11111111111111072,525,4,0.7,20,0,116,20,8,0,0,0,945,7,0.39473684210526316,38,0,89,38,17,0,0,0,1305,5,0.4666666666666667,90,0,45,90,9,0,0,0
144,36,4,53,1.35,1.5,1735532814,101110,205,1.0,1.0666666666666669,1.4000000000000004,0.2701851851851853,10800,100200,0.75,0.5277777777777777,205,7,0.6,60,0,76,60,8,0,0,0,205,7,0.6,60,0,76,60,8,0,0,0,550,6,0.7840909090909091,88,0,44,88,12,0,0,0
144,36,4,54,1.35,1.5,4132261440,101675,855,1.0,1.027175925925926,1.4000000000000004,0.661377314814815,36000,100200,0.75,0.0,955,3,0.5,28,0,112,28,4,0,0,0,1235,4,0.6785714285714286,56,0,80,56,8,0,0,0,1365,2,0.5111111111111111,90,0,45,90,9,0,0,0
144,36,4,55,1.35,1.5,4130910879,100755,220,1.0,1.0966435185185186,1.4000000000000004,0.14966435185185212,68400,100200,0.75,0.25,205,4,0.7222222222222222,18,0,117,18,9,0,0,0,245,6,0.38,50,0,83,50,11,0,0,0,490,5,0.5512820512820513,78,0,51,78,15,0,0,0
144,36,4,56,1.35,1.5,3257935624,100685,205,1.0,1.213888888888889,1.4000000000000004,0.569849537037037,59400,100200,0.75,0.4722222222222223,205,7,0.4583333333333333,48,0,86,48,10,0,0,0,250,5,0.4583333333333333,48,0,82,48,14,0,0,0,375,6,0.5476190476190477,84,0,46,84,14,0,0,0
144,36,4,57,1.35,1.5,1273817158,101165,520,1.0,0.8402777777777781,1.4000000000000004,0.4145486111111115,16200,100200,0.75,0.0,585,4,0.42857142857142855,28,0,112,28,4,0,0,0,710,3,0.9655172413793104,58,0,79,58,7,0,0,0,870,6,0.8863636363636364,88,0,44,88,12,0,0,0
144,36,4,58,1.35,1.5,1103002508,102045,650,1.0,0.7498842592592594,1.4000000000000004,0.1621990740740744,83400,100200,0.75,0.11111111111111072,740,4,0.7857142857142857,28,0,108,28,8,0,0,0,930,2,0.9777777777777777,45,0,86,45,12,1,0,0,1585,3,0.5882352941176471,68,0,56,68,20,0,0,0
144,36,4,59,1.35,1.5,1773303619,100940,205,1.0,1.101076388888889,1.4000000000000004,0.8488078703703703,26400,100200,0.75,0.33333333333333304,205,4,0.7,40,0,100,40,4,0,0,0,280,3,0.9,60,0,76,60,8,0,0,0,365,5,0.8947368421052632,76,0,52,76,16,0,0,0
144,36,4,60,1.35,1.5,1299038859,107735,205,1.0,1.1361111111111113,1.4000000000000004,1.0624652777777779,600,100200,0.75,0.0,520,5,0.5909090909090909,22,0,113,22,9,0,0,0,780,4,0.4375,64,0,76,64,4,0,0,0,940,3,0.7,100,0,40,100,4,0,0,0
144,36,4,61,1.35,1.5,2001636103,101235,385,1.0,1.0527546296296297,1.4000000000000004,0.8613425925925926,14400,100200,0.75,0.16666666666666696,435,3,0.875,32,0,108,32,4,0,0,0,755,3,0.9375,64,0,76,64,4,0,0,0,895,7,0.7391304347826086,92,0,44,92,8,0,0,0
144,36,4,62,1.35,1.5,3850919346,100910,205,1.0,1.1769212962962965,1.4000000000000004,0.851377314814815,9000,100200,0.75,0.25,205,1,1.0,36,0,108,36,0,0,0,0,335,4,0.819672131147541,61,0,78,61,4,1,0,0,415,4,0.9285714285714286,84,0,46,84,14,0,0,0
144,36,4,63,1.35,1.5,809415018,100755,250,1.0,1.0972222222222223,1.4000000000000004,0.8531018518518519,5400,100200,0.75,0.25,205,8,0.47619047619047616,21,1,114,21,8,0,0,0,360,6,0.5,48,0,84,48,12,0,0,0,450,4,0.45121951219512196,82,0,49,82,13,0,0,0
144,36,4,64,1.35,1.5,3013963984,54225,260,1.0,1.4000000000000001,1.4000000000000004,0.8731365740740741,51600,53400,0.75,0.41666666666666696,205,3,0.7307692307692307,52,0,88,52,4,0,0,0,260,3,0.59375,64,0,76,64,4,0,0,0,405,3,0.6,100,0,40,100,4,0,0,0
144,36,4,65,1.35,1.5,3022366702,101415,380,0.9930555555555556,1.0192592592592593,1.4000000000000004,0.5523611111111112,71400,100200,0.75,0.0,380,3,0.5625,32,0,106,32,6,0,0,0,445,4,0.45161290322580644,62,0,75,62,7,0,0,0,605,3,0.7659574468085106,94,0,43,94,7,0,0,0
144,36,4,66,1.35,1.5,2403010241,2650,205,1.0,1.4000000000000001,1.4000000000000004,1.3527777777777779,0,1800,0.75,0.583333333333333,205,3,0.4090909090909091,88,0,56,88,0,0,0,0,205,3,0.4090909090909091,88,0,56,88,0,0,0,0,250,3,0.4423076923076923,104,0,38,104,2,0,0,0
144,36,4,67,1.35,1.5,4291412403,14845,360,1.0,1.4000000000000001,1.4000000000000004,0.9409027777777781,12600,13800,0.75,0.0,445,1,1.0,36,0,108,36,0,0,0,0,665,5,0.8888888888888888,72,0,68,72,4,0,0,0,785,5,0.92,100,0,40,100,4,0,0,0
144,36,4,68,1.35,1.5,2882702409,100935,350,0.9861111111111112,0.9161574074074075,1.4000000000000004,0.12538194444444462,22200,100200,0.75,0.11111111111111072,515,4,0.7391304347826086,23,0,113,23,7,1,0,0,625,3,0.6326530612244898,49,0,84,49,10,1,0,0,700,5,0.5142857142857142,70,0,56,70,16,2,0,0
144,36,4,69,1.35,1.5,3880969920,101410,330,0.9930555555555556,1.3222222222222224,1.4000000000000004,0.9762384259259261,40200,100200,0.75,0.0,470,1,1.0,36,0,108,36,0,0,0,0,520,3,0.9444444444444444,54,0,81,54,9,0,0,0,1045,6,0.7608695652173914,92,0,44,92,8,0,0,0
144,36,4,70,1.35,1.5,3237185603,116855,250,1.0,1.026388888888889,1.4000000000000004,1.0415972222222223,86400,100200,0.75,0.0,825,3,0.875,32,0,108,32,4,0,0,0,1085,8,0.6428571428571429,56,0,80,56,8,0,0,0,1380,6,0.9042553191489362,94,0,41,94,9,0,0,0
144,36,4,71,1.35,1.5,2602210597,7855,225,1.0,1.4000000000000001,1.4000000000000004,1.278587962962963,1800,3600,0.75,0.19444444444444464,225,1,1.0,36,0,108,36,0,0,0,0,320,2,0.7777777777777778,72,0,72,72,0,0,0,0,385,2,0.6666666666666666,108,0,36,108,0,0,0,0
144,36,4,72,1.35,1.5,1113703796,3055,205,1.0,1.4000000000000001,1.4000000000000004,1.0626504629629632,1200,2400,0.75,0.2777777777777777,205,5,0.5454545454545454,44,0,96,44,4,0,0,0,285,5,0.46875,64,0,76,64,4,0,0,0,460,2,0.5566037735849056,106,0,37,106,1,0,0,0
144,36,4,73,1.35,1.5,226993712,6895,250,1.0,1.4000000000000001,1.4000000000000004,1.2812962962962964,4800,6000,0.75,0.13888888888888928,350,1,1.0,36,0,108,36,0,0,0,0,505,1,1.0,72,0,72,72,0,0,0,0,685,1,1.0,104,0,38,104,2,0,0,0
144,36,4,74,1.35,1.5,2509034516,101470,605,1.0,1.1256481481481484,1.4000000000000004,0.7055787037037037,74400,100200,0.75,0.0,725,3,0.6666666666666666,24,0,114,24,6,0,0,0,930,4,0.5517241379310345,58,0,77,58,9,0,0,0,1185,5,0.6896551724137931,87,0,47,87,9,1,0,0
144,36,4,75,1.35,1.5,420085210,6245,610,1.0,1.4000000000000001,1.4000000000000004,1.2843055555555556,3600,4800,0.75,0.0,735,1,1.0,36,0,108,36,0,0,0,0,1095,1,1.0,72,0,72,72,0,0,0,0,1280,1,1.0,108,0,36,108,0,0,0,0
144,36,4,76,1.35,1.5,1263195895,100615,250,1.0,0.7527546296296297,1.4000000000000004,-0.029826388888889,8400,100200,0.75,0.44444444444444464,205,6,0.5806451612903226,31,0,99,31,13,1,0,0,275,3,0.9111111111111111,45,0,86,45,12,1,0,0,360,8,0.75,52,0,64,52,28,0,0,0
144,36,4,77,1.35,1.5,720517821,101405,405,1.0,1.0719212962962965,1.4000000000000004,0.35094907407407416,24000,100200,0.75,0.0,590,9,0.3,20,0,116,20,8,0,0,0,835,4,0.7777777777777778,54,0,79,54,11,0,0,0,1015,6,0.4375,64,0,58,64,22,0,0,0
144,36,4,78,1.35,1.5,3925643019,101565,440,1.0,1.0213888888888891,1.4000000000000004,0.8513657407407409,85800,100200,0.75,0.0,825,1,1.0,36,0,108,36,0,0,0,0,890,3,0.7796610169491526,59,0,79,59,5,1,0,0,1225,4,0.625,80,0,50,80,14,0,0,0
144,36,4,79,1.35,1.5,3354402785,101685,275,1.0,1.0972222222222223,1.4000000000000004,1.0700925925925926,600,100200,0.75,0.0,380,3,0.875,32,0,108,32,4,0,0,0,620,3,0.9375,64,0,76,64,4,0,0,0,890,7,0.7391304347826086,92,0,44,92,8,0,0,0
144,36,4,80,1.35,1.5,2257708839,5275,525,1.0,1.4000000000000001,1.4000000000000004,0.9882291666666668,3000,4200,0.75,0.0,560,5,0.7142857142857143,28,0,112,28,4,0,0,0,725,2,0.6470588235294118,68,0,74,68,2,0,0,0,840,1,1.0,108,0,34,108,2,0,0,0
144,36,4,81,1.35,1.5,2423288994,37285,220,1.0,1.4000000000000001,1.4000000000000004,0.7337962962962964,35400,36600,0.75,0.11111111111111072,300,5,0.5517241379310345,29,1,110,29,4,0,0,0,435,4,0.6545454545454545,55,0,81,55,7,1,0,0,480,6,0.7375,80,0,50,80,14,0,0,0
144,36,4,82,1.35,1.5,589211003,102210,775,1.0,1.2090740740740742,1.4000000000000004,0.8527893518518519,33600,100200,0.75,0.0,1265,5,0.6666666666666666,24,0,112,24,8,0,0,0,1310,7,0.65,40,0,88,40,16,0,0,0,1360,8,0.7058823529411765,68,0,56,68,20,0,0,0
144,36,4,83,1.35,1.5,3105652291,119930,285,1.0,1.0480092592592594,1.4000000000000004,1.0851736111111112,1200,100200,0.75,0.0,515,4,0.42857142857142855,28,0,112,28,4,0,0,0,650,4,0.5882352941176471,68,0,72,68,4,0,0,0,745,3,0.6458333333333334,96,0,38,96,10,0,0,0
144,36,4,84,1.35,1.5,3731056763,17665,325,1.0,1.4000000000000001,1.4000000000000004,0.6128472222222223,14400,16200,0.75,0.0,390,4,0.7857142857142857,28,0,108,28,8,0,0,0,735,7,0.625,48,0,84,48,12,0,0,0,1260,3,0.4842105263157895,95,0,43,95,5,1,0,0
144,36,4,85,1.35,1.5,2679168425,100585,205,1.0,1.138888888888889,1.4000000000000004,0.5935416666666667,20400,100200,0.75,0.4722222222222223,205,8,0.38461538461538464,52,0,84,52,8,0,0,0,215,8,0.35714285714285715,56,0,80,56,8,0,0,0,265,10,0.2804878048780488,82,0,49,82,13,0,0,0
144,36,4,86,1.35,1.5,1688264425,101275,205,1.0,0.9513888888888891,1.4000000000000004,0.05090277777777796,58800,100200,0.75,0.22222222222222232,210,7,0.5,24,0,112,24,8,0,0,0,405,10,0.36363636363636365,44,0,86,44,14,0,0,0,510,13,0.24242424242424243,66,0,55,66,23,0,0,0
144,36,4,87,1.35,1.5,652378151,101545,305,1.0,1.066898148148148,1.4000000000000004,0.7525000000000001,57600,100200,0.75,0.16666666666666696,305,3,0.875,32,0,108,32,4,0,0,0,445,5,0.625,64,0,72,64,8,0,0,0,605,4,0.5833333333333334,96,0,40,96,8,0,0,0
144,36,4,88,1.35,1.5,3544624406,101170,375,1.0,1.2500000000000002,1.4000000000000004,0.7125810185185186,43800,100200,0.75,0.0,465,7,0.36363636363636365,22,0,113,22,9,0,0,0,655,4,0.75,64,0,76,64,4,0,0,0,720,6,0.6666666666666666,90,0,45,90,9,0,0,0
144,36,4,89,1.35,1.5,3292777193,9775,205,1.0,1.4000000000000001,1.4000000000000004,1.2861111111111112,7200,8400,0.75,0.33333333333333304,205,1,1.0,48,0,96,48,0,0,0,0,380,1,1.0,72,0,72,72,0,0,0,0,510,1,1.0,108,0,36,108,0,0,0,0
144,36,4,90,1.35,1.5,4262004890,100940,265,1.0,1.0933796296296299,1.4000000000000004,0.6853240740740741,34800,100200,0.75,0.0,370,1,1.0,36,0,108,36,0,0,0,0,545,4,0.9285714285714286,70,1,70,70,2,1,0,0,610,4,0.66,100,0,36,100,8,0,0,0
144,36,4,91,1.35,1.5,50796380,101835,300,1.0,0.6410185185185187,1.4000000000000004,-0.050706018518518636,19800,100200,0.75,0.22222222222222232,235,3,0.8461538461538461,26,0,113,26,5,0,0,0,330,4,0.8695652173913043,46,0,84,46,12,2,0,0,490,2,0.9714285714285714,70,0,53,70,21,0,0,0
144,36,4,92,1.35,1.5,2324486180,101270,280,1.0,1.1361111111111113,1.4000000000000004,1.1300810185185186,0,100200,0.75,0.0,335,7,0.5,24,0,112,24,8,0,0,0,550,7,0.4666666666666667,60,0,76,60,8,0,0,0,720,4,0.52,100,0,40,100,4,0,0,0
144,36,4,93,1.35,1.5,3330194936,12545,255,1.0,1.4000000000000001,1.4000000000000004,0.9023379629629631,9600,10800,0.75,0.0,750,3,0.7142857142857143,28,0,112,28,4,0,0,0,1025,3,0.4375,64,0,76,64,4,0,0,0,1220,7,0.5408163265306123,98,0,37,98,9,0,0,0
144,36,4,94,1.35,1.5,1039799280,101715,305,1.0,1.1026851851851853,1.4000000000000004,0.5336458333333334,5400,100200,0.75,0.0,460,3,0.5,28,0,112,28,4,0,0,0,530,7,0.4489795918367347,49,0,84,49,10,1,0,0,1045,4,0.475,80,0,50,80,14,0,0,0
144,36,4,95,1.35,1.5,4134494594,10185,205,1.0,1.4000000000000001,1.4000000000000004,1.2855092592592594,3000,4800,0.75,0.25,205,1,1.0,36,0,108,36,0,0,0,0,380,1,1.0,72,0,72,72,0,0,0,0,485,2,0.7857142857142857,112,0,32,112,0,0,0,0
144,36,4,96,1.35,1.5,3710686710,14700,215,1.0,1.4000000000000001,1.4000000000000004,1.2252083333333335,10800,12600,0.75,0.0,340,1,1.0,36,0,108,36,0,0,0,0,535,1,1.0,72,0,72,72,0,0,0,0,705,1,1.0,108,0,36,108,0,0,0,0
144,36,4,97,1.35,1.5,2746015107,101060,290,1.0,1.2833333333333334,1.4000000000000004,0.6181250000000003,27600,100200,0.75,0.11111111111111072,585,4,0.75,24,0,112,24,8,0,0,0,640,5,0.5,56,0,80,56,8,0,0,0,735,7,0.40476190476190477,84,0,48,84,12,0,0,0
144,36,4,98,1.35,1.5,2642220402,8235,205,1.0,1.4000000000000001,1.4000000000000004,1.2858101851851853,5400,7200,0.75,0.30555555555555536,205,1,1.0,44,0,100,44,0,0,0,0,250,5,0.7647058823529411,68,0,72,68,4,0,0,0,395,5,0.7653061224489796,98,0,41,98,5,0,0,0
144,36,4,99,1.35,1.5,20290829,100920,255,1.0,1.075914351851852,1.4000000000000004,0.4370254629629632,6000,100200,0.75,0.11111111111111072,350,6,0.5,28,0,108,28,8,0,0,0,455,5,0.5964912280701754,57,0,78,57,8,1,0,0,615,8,0.5434782608695652,92,0,38,92,14,0,0,0
144,36,4,100,1.35,1.5,1466930469,7115,405,1.0,1.4000000000000001,1.4000000000000004,0.8754861111111114,4800,6000,0.75,0.0,615,1,1.0,36,0,108,36,0,0,0,0,825,4,0.9117647058823529,68,0,72,68,4,0,0,0,925,5,0.78,100,0,40,100,4,0,0,0
144,36,4,101,1.35,1.5,2945088923,2955,310,1.0,1.4000000000000001,1.4000000000000004,1.3675000000000002,0,1800,0.75,0.0,515,1,1.0,36,0,108,36,0,0,0,0,610,2,0.8888888888888888,72,0,72,72,0,0,0,0,875,4,0.94,100,0,40,100,4,0,0,0
144,36,4,102,1.35,1.5,3761511958,6040,240,1.0,1.4000000000000001,1.4000000000000004,1.291388888888889,600,1800,0.75,0.0,375,2,0.7,40,0,104,40,0,0,0,0,510,2,0.6111111111111112,72,0,72,72,0,0,0,0,570,4,0.94,100,0,40,100,4,0,0,0
144,36,4,103,1.35,1.5,3739809843,4065,415,1.0,1.4000000000000001,1.4000000000000004,1.2849074074074076,1200,3000,0.75,0.0,495,1,1.0,36,0,108,36,0,0,0,0,700,4,0.9210526315789473,76,0,64,76,4,0,0,0,790,5,0.78,100,0,40,100,4,0,0,0
144,36,4,104,1.35,1.5,2875916900,101160,430,0.9930555555555556,0.9725810185185186,1.4000000000000004,-0.15870370370370335,35400,100200,0.75,0.0,615,2,0.9090909090909091,22,0,113,22,9,0,0,0,720,6,0.6216216216216216,37,0,91,37,13,3,0,0,745,6,0.9117647058823529,68,0,56,68,16,4,0,0
144,36,4,105,1.35,1.5,39253897,101325,430,1.0,0.9768750000000002,1.4000000000000004,-0.04783564814814811,76800,100200,0.75,0.0,515,8,0.375,32,0,104,32,8,0,0,0,590,9,0.6170212765957447,47,0,83,47,13,1,0,0,660,7,0.4225352112676056,71,0,53,71,19,1,0,0
144,36,4,106,1.35,1.5,1204380512,6085,235,1.0,1.4000000000000001,1.4000000000000004,0.9866666666666668,4200,5400,0.75,0.33333333333333304,205,1,1.0,48,0,96,48,0,0,0,0,395,1,1.0,72,0,72,72,0,0,0,0,590,1,1.0,104,0,38,104,2,0,0,0
144,36,4,107,1.35,1.5,1729965206,101195,210,1.0,1.138888888888889,1.4000000000000004,0.8219560185185186,20400,100200,0.75,0.0,395,1,1.0,36,0,108,36,0,0,0,0,455,4,0.8571428571428571,56,0,80,56,8,0,0,0,635,2,0.9767441860465116,86,0,47,86,11,0,0,0
144,36,4,108,1.35,1.5,2378592981,101185,385,1.0,0.9870370370370372,1.4000000000000004,0.7080671296296298,22200,100200,0.75,0.0,390,4,0.42857142857142855,28,0,112,28,4,0,0,0,590,3,0.7169811320754716,53,0,82,53,8,1,0,0,790,7,0.8404255319148937,94,0,41,94,9,0,0,0
144,36,4,109,1.35,1.5,604313340,101300,355,1.0,1.0626851851851853,1.4000000000000004,1.1261342592592594,70800,100200,0.75,0.0,485,4,0.7,20,0,116,20,8,0,0,0,710,3,0.5,64,0,74,64,6,0,0,0,970,4,0.5943396226415094,106,0,33,106,5,0,0,0
144,36,4,110,1.35,1.5,3975789460,54935,250,0.9930555555555556,1.4000000000000001,1.4000000000000004,0.854351851851852,51000,52800,0.75,0.0,440,1,1.0,36,0,108,36,0,0,0,0,565,4,0.75,64,0,76,64,4,0,0,0,820,7,0.6956521739130435,92,0,40,92,12,0,0,0
144,36,4,111,1.35,1.5,4216802660,57565,320,1.0,1.4000000000000001,1.4000000000000004,0.5942361111111113,55200,57000,0.75,0.44444444444444464,205,3,0.9,40,0,93,40,9,2,0,0,225,2,0.875,48,0,84,48,12,0,0,0,395,5,0.56,75,0,53,75,15,1,0,0
144,36,4,112,1.35,1.5,3253720275,100865,235,1.0,1.0106597222222224,1.4000000000000004,0.13277777777777788,39000,100200,0.75,0.11111111111111072,270,2,0.9130434782608695,23,0,113,23,7,1,0,0,405,7,0.7272727272727273,44,0,85,44,13,2,0,0,550,9,0.7058823529411765,68,0,56,68,20,0,0,0
144,36,4,113,1.35,1.5,3078015773,100935,205,1.0,0.734189814814815,1.4000000000000004,0.19379629629629624,52200,100200,0.75,0.22222222222222232,205,3,0.875,32,0,108,32,4,0,0,0,320,3,0.8490566037735849,53,0,82,53,8,1,0,0,555,7,0.35135135135135137,74,0,53,74,17,0,0,0
144,36,4,114,1.35,1.5,3546971866,105130,440,1.0,1.1361111111111113,1.4000000000000004,1.1354976851851855,0,100200,0.75,0.0,940,3,0.9,30,0,109,30,5,0,0,0,1235,4,0.3235294117647059,68,0,72,68,4,0,0,0,1460,3,0.46,100,0,40,100,4,0,0,0
144,36,4,115,1.35,1.5,4269651602,4080,250,1.0,1.4000000000000001,1.4000000000000004,1.1619907407407408,1200,3000,0.75,0.0,365,1,1.0,36,0,108,36,0,0,0,0,485,2,0.8611111111111112,72,0,70,72,2,0,0,0,735,1,1.0,108,0,36,108,0,0,0,0
144,36,4,116,1.35,1.5,1614068855,8380,240,1.0,1.4000000000000001,1.4000000000000004,1.0576736111111111,6600,7800,0.75,0.19444444444444464,230,2,0.5555555555555556,36,0,108,36,0,0,0,0,360,2,0.6666666666666666,72,0,72,72,0,0,0,0,545,1,1.0,104,0,38,104,2,0,0,0
144,36,4,117,1.35,1.5,3571977478,4685,400,1.0,1.4000000000000001,1.4000000000000004,1.2800925925925928,600,2400,0.75,0.0,620,2,0.7777777777777778,36,0,108,36,0,0,0,0,650,2,0.6666666666666666,72,0,72,72,0,0,0,0,790,1,1.0,108,0,36,108,0,0,0,0
144,36,4,118,1.35,1.5,281380720,83640,215,1.0,1.4000000000000001,1.4000000000000004,1.0155324074074072,76800,78600,0.75,0.44444444444444464,205,4,0.5714285714285714,56,0,84,56,4,0,0,0,215,4,0.625,64,0,76,64,4,0,0,0,305,4,0.717391304347826,92,0,44,92,8,0,0,0
144,36,4,119,1.35,1.5,137660445,100625,250,1.0,1.1342824074074076,1.4000000000000004,0.13599537037037068,31200,100200,0.75,0.5555555555555554,205,1,1.0,50,0,79,50,15,0,0,0,205,1,1.0,50,0,79,50,15,0,0,0,305,5,0.5454545454545454,66,0,57,66,21,0,0,0
