N,t_cool,g_hot,g_cold,replica,followed,block,sweep,g,n_d1,pieces_d1,n_damage,h,final
96,300,1.25,0.25,0,True,0,0,1.25,4,1,4,14.0,False
96,300,1.25,0.25,0,True,1,500,0.25,4,1,4,14.0,False
96,300,1.25,0.25,0,True,2,1000,0.25,4,1,4,14.0,False
96,300,1.25,0.25,0,True,3,1500,0.25,4,1,4,14.0,False
96,300,1.25,0.25,0,True,4,2000,0.25,4,1,4,14.0,False
96,300,1.25,0.25,0,True,5,2500,0.25,4,1,4,14.0,False
96,300,1.25,0.25,0,True,6,3000,0.25,4,1,4,14.0,False
96,300,1.25,0.25,0,True,7,3500,0.25,4,1,4,14.0,False
96,300,1.25,0.25,0,True,8,4000,0.25,4,1,4,14.0,False
96,300,1.25,0.25,0,True,9,4500,0.25,4,1,4,14.0,False
96,300,1.25,0.25,0,True,10,5000,0.25,4,1,4,14.0,False
96,300,1.25,0.25,0,True,11,5500,0.25,4,1,4,14.0,False
96,300,1.25,0.25,0,True,12,6000,0.25,4,1,4,14.0,False
96,300,1.25,0.25,0,True,13,6500,0.25,4,1,4,14.0,False
96,300,1.25,0.25,0,True,14,7000,0.25,4,1,4,14.0,False
96,300,1.25,0.25,0,True,15,7500,0.25,4,1,4,14.0,False
96,300,1.25,0.25,0,True,16,8000,0.25,4,1,4,14.0,False
96,300,1.25,0.25,0,True,17,8500,0.25,4,1,4,14.0,False
96,300,1.25,0.25,0,True,18,9000,0.25,4,1,4,14.0,False
96,300,1.25,0.25,0,True,19,9500,0.25,4,1,4,14.0,False
96,300,1.25,0.25,0,True,20,10000,0.25,4,1,4,14.0,False
96,300,1.25,0.25,0,True,21,10500,0.25,4,1,4,14.0,False
96,300,1.25,0.25,0,True,22,11000,0.25,4,1,4,14.0,False
96,300,1.25,0.25,0,True,23,11500,0.25,4,1,4,14.0,False
96,300,1.25,0.25,0,True,24,12000,0.25,4,1,4,14.0,False
96,300,1.25,0.25,0,True,25,12500,0.25,4,1,4,14.0,False
96,300,1.25,0.25,0,True,26,13000,0.25,4,1,4,14.0,False
96,300,1.25,0.25,0,True,27,13500,0.25,4,1,4,14.0,False
96,300,1.25,0.25,0,True,28,14000,0.25,4,1,4,14.0,False
96,300,1.25,0.25,0,True,29,14500,0.25,4,1,4,14.0,False
96,300,1.25,0.25,0,True,30,15000,0.25,4,1,4,14.0,False
96,300,1.25,0.25,0,True,31,15500,0.25,4,1,4,14.0,False
96,300,1.25,0.25,0,True,32,16000,0.25,4,1,4,14.0,False
96,300,1.25,0.25,0,True,33,16500,0.25,4,1,4,14.0,False
96,300,1.25,0.25,0,True,34,17000,0.25,4,1,4,14.0,False
96,300,1.25,0.25,0,True,35,17500,0.25,4,1,4,14.0,False
96,300,1.25,0.25,0,True,36,18000,0.25,4,1,4,14.0,False
96,300,1.25,0.25,0,True,37,18500,0.25,4,1,4,14.0,False
96,300,1.25,0.25,0,True,38,19000,0.25,4,1,4,14.0,False
96,300,1.25,0.25,0,True,39,19500,0.25,4,1,4,14.0,False
96,300,1.25,0.25,0,True,40,20000,0.25,4,1,4,14.0,False
96,300,1.25,0.25,0,True,41,20500,0.25,4,1,4,14.0,True
96,300,1.25,0.25,1,True,0,0,1.25,4,1,4,14.0,False
96,300,1.25,0.25,1,True,1,500,0.25,4,1,4,14.0,False
96,300,1.25,0.25,1,True,2,1000,0.25,4,1,4,14.0,False
96,300,1.25,0.25,1,True,3,1500,0.25,4,1,4,14.0,False
96,300,1.25,0.25,1,True,4,2000,0.25,4,1,4,14.0,False
96,300,1.25,0.25,1,True,5,2500,0.25,4,1,4,14.0,False
96,300,1.25,0.25,1,True,6,3000,0.25,4,1,4,14.0,False
96,300,1.25,0.25,1,True,7,3500,0.25,4,1,4,14.0,False
96,300,1.25,0.25,1,True,8,4000,0.25,4,1,4,14.0,False
96,300,1.25,0.25,1,True,9,4500,0.25,4,1,4,14.0,False
96,300,1.25,0.25,1,True,10,5000,0.25,4,1,4,14.0,False
96,300,1.25,0.25,1,True,11,5500,0.25,4,1,4,14.0,False
96,300,1.25,0.25,1,True,12,6000,0.25,4,1,4,14.0,False
96,300,1.25,0.25,1,True,13,6500,0.25,4,1,4,14.0,False
96,300,1.25,0.25,1,True,14,7000,0.25,4,1,4,14.0,False
96,300,1.25,0.25,1,True,15,7500,0.25,4,1,4,14.0,False
96,300,1.25,0.25,1,True,16,8000,0.25,4,1,4,14.0,False
96,300,1.25,0.25,1,True,17,8500,0.25,4,1,4,14.0,False
96,300,1.25,0.25,1,True,18,9000,0.25,4,1,4,14.0,False
96,300,1.25,0.25,1,True,19,9500,0.25,4,1,4,14.0,False
96,300,1.25,0.25,1,True,20,10000,0.25,4,1,4,14.0,False
96,300,1.25,0.25,1,True,21,10500,0.25,4,1,4,14.0,False
96,300,1.25,0.25,1,True,22,11000,0.25,4,1,4,14.0,False
96,300,1.25,0.25,1,True,23,11500,0.25,4,1,4,14.0,False
96,300,1.25,0.25,1,True,24,12000,0.25,4,1,4,14.0,False
96,300,1.25,0.25,1,True,25,12500,0.25,4,1,4,14.0,False
96,300,1.25,0.25,1,True,26,13000,0.25,4,1,4,14.0,False
96,300,1.25,0.25,1,True,27,13500,0.25,4,1,4,14.0,False
96,300,1.25,0.25,1,True,28,14000,0.25,4,1,4,14.0,False
96,300,1.25,0.25,1,True,29,14500,0.25,4,1,4,14.0,False
96,300,1.25,0.25,1,True,30,15000,0.25,4,1,4,14.0,False
96,300,1.25,0.25,1,True,31,15500,0.25,4,1,4,14.0,False
96,300,1.25,0.25,1,True,32,16000,0.25,4,1,4,14.0,False
96,300,1.25,0.25,1,True,33,16500,0.25,4,1,4,14.0,False
96,300,1.25,0.25,1,True,34,17000,0.25,4,1,4,14.0,False
96,300,1.25,0.25,1,True,35,17500,0.25,4,1,4,14.0,False
96,300,1.25,0.25,1,True,36,18000,0.25,4,1,4,14.0,False
96,300,1.25,0.25,1,True,37,18500,0.25,4,1,4,14.0,False
96,300,1.25,0.25,1,True,38,19000,0.25,4,1,4,14.0,False
96,300,1.25,0.25,1,True,39,19500,0.25,4,1,4,14.0,False
96,300,1.25,0.25,1,True,40,20000,0.25,4,1,4,14.0,False
96,300,1.25,0.25,1,True,41,20500,0.25,4,1,4,14.0,True
96,300,1.25,0.25,2,True,0,0,1.25,4,1,4,14.0,False
96,300,1.25,0.25,2,True,1,500,0.25,4,1,4,14.0,False
96,300,1.25,0.25,2,True,2,1000,0.25,4,1,4,14.0,False
96,300,1.25,0.25,2,True,3,1500,0.25,4,1,4,14.0,False
96,300,1.25,0.25,2,True,4,2000,0.25,4,1,4,14.0,False
96,300,1.25,0.25,2,True,5,2500,0.25,4,1,4,14.0,False
96,300,1.25,0.25,2,True,6,3000,0.25,4,1,4,14.0,False
96,300,1.25,0.25,2,True,7,3500,0.25,4,1,4,14.0,False
96,300,1.25,0.25,2,True,8,4000,0.25,4,1,4,14.0,False
96,300,1.25,0.25,2,True,9,4500,0.25,4,1,4,14.0,False
96,300,1.25,0.25,2,True,10,5000,0.25,4,1,4,14.0,False
96,300,1.25,0.25,2,True,11,5500,0.25,4,1,4,14.0,False
96,300,1.25,0.25,2,True,12,6000,0.25,4,1,4,14.0,False
96,300,1.25,0.25,2,True,13,6500,0.25,4,1,4,14.0,False
96,300,1.25,0.25,2,True,14,7000,0.25,4,1,4,14.0,False
96,300,1.25,0.25,2,True,15,7500,0.25,4,1,4,14.0,False
96,300,1.25,0.25,2,True,16,8000,0.25,4,1,4,14.0,False
96,300,1.25,0.25,2,True,17,8500,0.25,4,1,4,14.0,False
96,300,1.25,0.25,2,True,18,9000,0.25,4,1,4,14.0,False
96,300,1.25,0.25,2,True,19,9500,0.25,4,1,4,14.0,False
96,300,1.25,0.25,2,True,20,10000,0.25,4,1,4,14.0,False
96,300,1.25,0.25,2,True,21,10500,0.25,4,1,4,14.0,False
96,300,1.25,0.25,2,True,22,11000,0.25,4,1,4,14.0,False
96,300,1.25,0.25,2,True,23,11500,0.25,4,1,4,14.0,False
96,300,1.25,0.25,2,True,24,12000,0.25,4,1,4,14.0,False
96,300,1.25,0.25,2,True,25,12500,0.25,4,1,4,14.0,False
96,300,1.25,0.25,2,True,26,13000,0.25,4,1,4,14.0,False
96,300,1.25,0.25,2,True,27,13500,0.25,4,1,4,14.0,False
96,300,1.25,0.25,2,True,28,14000,0.25,4,1,4,14.0,False
96,300,1.25,0.25,2,True,29,14500,0.25,4,1,4,14.0,False
96,300,1.25,0.25,2,True,30,15000,0.25,4,1,4,14.0,False
96,300,1.25,0.25,2,True,31,15500,0.25,4,1,4,14.0,False
96,300,1.25,0.25,2,True,32,16000,0.25,4,1,4,14.0,False
96,300,1.25,0.25,2,True,33,16500,0.25,4,1,4,14.0,False
96,300,1.25,0.25,2,True,34,17000,0.25,4,1,4,14.0,False
96,300,1.25,0.25,2,True,35,17500,0.25,4,1,4,14.0,False
96,300,1.25,0.25,2,True,36,18000,0.25,4,1,4,14.0,False
96,300,1.25,0.25,2,True,37,18500,0.25,4,1,4,14.0,False
96,300,1.25,0.25,2,True,38,19000,0.25,4,1,4,14.0,False
96,300,1.25,0.25,2,True,39,19500,0.25,4,1,4,14.0,False
96,300,1.25,0.25,2,True,40,20000,0.25,4,1,4,14.0,False
96,300,1.25,0.25,2,True,41,20500,0.25,4,1,4,14.0,True
96,300,1.25,0.25,3,True,0,0,1.25,4,1,4,14.0,False
96,300,1.25,0.25,3,True,1,500,0.25,4,1,4,14.0,False
96,300,1.25,0.25,3,True,2,1000,0.25,4,1,4,14.0,False
96,300,1.25,0.25,3,True,3,1500,0.25,4,1,4,14.0,False
96,300,1.25,0.25,3,True,4,2000,0.25,4,1,4,14.0,False
96,300,1.25,0.25,3,True,5,2500,0.25,4,1,4,14.0,False
96,300,1.25,0.25,3,True,6,3000,0.25,4,1,4,14.0,False
96,300,1.25,0.25,3,True,7,3500,0.25,4,1,4,14.0,False
96,300,1.25,0.25,3,True,8,4000,0.25,4,1,4,14.0,False
96,300,1.25,0.25,3,True,9,4500,0.25,4,1,4,14.0,False
96,300,1.25,0.25,3,True,10,5000,0.25,4,1,4,14.0,False
96,300,1.25,0.25,3,True,11,5500,0.25,4,1,4,14.0,False
96,300,1.25,0.25,3,True,12,6000,0.25,4,1,4,14.0,False
96,300,1.25,0.25,3,True,13,6500,0.25,4,1,4,14.0,False
96,300,1.25,0.25,3,True,14,7000,0.25,4,1,4,14.0,False
96,300,1.25,0.25,3,True,15,7500,0.25,4,1,4,14.0,False
96,300,1.25,0.25,3,True,16,8000,0.25,4,1,4,14.0,False
96,300,1.25,0.25,3,True,17,8500,0.25,4,1,4,14.0,False
96,300,1.25,0.25,3,True,18,9000,0.25,4,1,4,14.0,False
96,300,1.25,0.25,3,True,19,9500,0.25,4,1,4,14.0,False
96,300,1.25,0.25,3,True,20,10000,0.25,4,1,4,14.0,False
96,300,1.25,0.25,3,True,21,10500,0.25,4,1,4,14.0,False
96,300,1.25,0.25,3,True,22,11000,0.25,4,1,4,14.0,False
96,300,1.25,0.25,3,True,23,11500,0.25,4,1,4,14.0,False
96,300,1.25,0.25,3,True,24,12000,0.25,4,1,4,14.0,False
96,300,1.25,0.25,3,True,25,12500,0.25,4,1,4,14.0,False
96,300,1.25,0.25,3,True,26,13000,0.25,4,1,4,14.0,False
96,300,1.25,0.25,3,True,27,13500,0.25,4,1,4,14.0,False
96,300,1.25,0.25,3,True,28,14000,0.25,4,1,4,14.0,False
96,300,1.25,0.25,3,True,29,14500,0.25,4,1,4,14.0,False
96,300,1.25,0.25,3,True,30,15000,0.25,4,1,4,14.0,False
96,300,1.25,0.25,3,True,31,15500,0.25,4,1,4,14.0,False
96,300,1.25,0.25,3,True,32,16000,0.25,4,1,4,14.0,False
96,300,1.25,0.25,3,True,33,16500,0.25,4,1,4,14.0,False
96,300,1.25,0.25,3,True,34,17000,0.25,4,1,4,14.0,False
96,300,1.25,0.25,3,True,35,17500,0.25,4,1,4,14.0,False
96,300,1.25,0.25,3,True,36,18000,0.25,4,1,4,14.0,False
96,300,1.25,0.25,3,True,37,18500,0.25,4,1,4,14.0,False
96,300,1.25,0.25,3,True,38,19000,0.25,4,1,4,14.0,False
96,300,1.25,0.25,3,True,39,19500,0.25,4,1,4,14.0,False
96,300,1.25,0.25,3,True,40,20000,0.25,4,1,4,14.0,False
96,300,1.25,0.25,3,True,41,20500,0.25,4,1,4,14.0,True
96,300,1.25,0.25,4,True,0,0,1.25,4,1,4,14.0,False
96,300,1.25,0.25,4,True,1,500,0.25,4,1,4,14.0,False
96,300,1.25,0.25,4,True,2,1000,0.25,4,1,4,14.0,False
96,300,1.25,0.25,4,True,3,1500,0.25,4,1,4,14.0,False
96,300,1.25,0.25,4,True,4,2000,0.25,4,1,4,14.0,False
96,300,1.25,0.25,4,True,5,2500,0.25,4,1,4,14.0,False
96,300,1.25,0.25,4,True,6,3000,0.25,4,1,4,14.0,False
96,300,1.25,0.25,4,True,7,3500,0.25,4,1,4,14.0,False
96,300,1.25,0.25,4,True,8,4000,0.25,4,1,4,14.0,False
96,300,1.25,0.25,4,True,9,4500,0.25,4,1,4,14.0,False
96,300,1.25,0.25,4,True,10,5000,0.25,4,1,4,14.0,False
96,300,1.25,0.25,4,True,11,5500,0.25,4,1,4,14.0,False
96,300,1.25,0.25,4,True,12,6000,0.25,4,1,4,14.0,False
96,300,1.25,0.25,4,True,13,6500,0.25,4,1,4,14.0,False
96,300,1.25,0.25,4,True,14,7000,0.25,4,1,4,14.0,False
96,300,1.25,0.25,4,True,15,7500,0.25,4,1,4,14.0,False
96,300,1.25,0.25,4,True,16,8000,0.25,4,1,4,14.0,False
96,300,1.25,0.25,4,True,17,8500,0.25,4,1,4,14.0,False
96,300,1.25,0.25,4,True,18,9000,0.25,4,1,4,14.0,False
96,300,1.25,0.25,4,True,19,9500,0.25,4,1,4,14.0,False
96,300,1.25,0.25,4,True,20,10000,0.25,4,1,4,14.0,False
96,300,1.25,0.25,4,True,21,10500,0.25,4,1,4,14.0,False
96,300,1.25,0.25,4,True,22,11000,0.25,4,1,4,14.0,False
96,300,1.25,0.25,4,True,23,11500,0.25,4,1,4,14.0,False
96,300,1.25,0.25,4,True,24,12000,0.25,4,1,4,14.0,False
96,300,1.25,0.25,4,True,25,12500,0.25,4,1,4,14.0,False
96,300,1.25,0.25,4,True,26,13000,0.25,4,1,4,14.0,False
96,300,1.25,0.25,4,True,27,13500,0.25,4,1,4,14.0,False
96,300,1.25,0.25,4,True,28,14000,0.25,4,1,4,14.0,False
96,300,1.25,0.25,4,True,29,14500,0.25,4,1,4,14.0,False
96,300,1.25,0.25,4,True,30,15000,0.25,4,1,4,14.0,False
96,300,1.25,0.25,4,True,31,15500,0.25,4,1,4,14.0,False
96,300,1.25,0.25,4,True,32,16000,0.25,4,1,4,14.0,False
96,300,1.25,0.25,4,True,33,16500,0.25,4,1,4,14.0,False
96,300,1.25,0.25,4,True,34,17000,0.25,4,1,4,14.0,False
96,300,1.25,0.25,4,True,35,17500,0.25,4,1,4,14.0,False
96,300,1.25,0.25,4,True,36,18000,0.25,4,1,4,14.0,False
96,300,1.25,0.25,4,True,37,18500,0.25,4,1,4,14.0,False
96,300,1.25,0.25,4,True,38,19000,0.25,4,1,4,14.0,False
96,300,1.25,0.25,4,True,39,19500,0.25,4,1,4,14.0,False
96,300,1.25,0.25,4,True,40,20000,0.25,4,1,4,14.0,False
96,300,1.25,0.25,4,True,41,20500,0.25,4,1,4,14.0,True
96,300,1.25,0.25,5,True,0,0,1.25,4,1,4,14.0,False
96,300,1.25,0.25,5,True,1,500,0.25,4,1,4,14.0,False
96,300,1.25,0.25,5,True,2,1000,0.25,4,1,4,14.0,False
96,300,1.25,0.25,5,True,3,1500,0.25,4,1,4,14.0,False
96,300,1.25,0.25,5,True,4,2000,0.25,4,1,4,14.0,False
96,300,1.25,0.25,5,True,5,2500,0.25,4,1,4,14.0,False
96,300,1.25,0.25,5,True,6,3000,0.25,4,1,4,14.0,False
96,300,1.25,0.25,5,True,7,3500,0.25,4,1,4,14.0,False
96,300,1.25,0.25,5,True,8,4000,0.25,4,1,4,14.0,False
96,300,1.25,0.25,5,True,9,4500,0.25,4,1,4,14.0,False
96,300,1.25,0.25,5,True,10,5000,0.25,4,1,4,14.0,False
96,300,1.25,0.25,5,True,11,5500,0.25,4,1,4,14.0,False
96,300,1.25,0.25,5,True,12,6000,0.25,4,1,4,14.0,False
96,300,1.25,0.25,5,True,13,6500,0.25,4,1,4,14.0,False
96,300,1.25,0.25,5,True,14,7000,0.25,4,1,4,14.0,False
96,300,1.25,0.25,5,True,15,7500,0.25,4,1,4,14.0,False
96,300,1.25,0.25,5,True,16,8000,0.25,4,1,4,14.0,False
96,300,1.25,0.25,5,True,17,8500,0.25,4,1,4,14.0,False
96,300,1.25,0.25,5,True,18,9000,0.25,4,1,4,14.0,False
96,300,1.25,0.25,5,True,19,9500,0.25,4,1,4,14.0,False
96,300,1.25,0.25,5,True,20,10000,0.25,4,1,4,14.0,False
96,300,1.25,0.25,5,True,21,10500,0.25,4,1,4,14.0,False
96,300,1.25,0.25,5,True,22,11000,0.25,4,1,4,14.0,False
96,300,1.25,0.25,5,True,23,11500,0.25,4,1,4,14.0,False
96,300,1.25,0.25,5,True,24,12000,0.25,4,1,4,14.0,False
96,300,1.25,0.25,5,True,25,12500,0.25,4,1,4,14.0,False
96,300,1.25,0.25,5,True,26,13000,0.25,4,1,4,14.0,False
96,300,1.25,0.25,5,True,27,13500,0.25,4,1,4,14.0,False
96,300,1.25,0.25,5,True,28,14000,0.25,4,1,4,14.0,False
96,300,1.25,0.25,5,True,29,14500,0.25,4,1,4,14.0,False
96,300,1.25,0.25,5,True,30,15000,0.25,4,1,4,14.0,False
96,300,1.25,0.25,5,True,31,15500,0.25,4,1,4,14.0,False
96,300,1.25,0.25,5,True,32,16000,0.25,4,1,4,14.0,False
96,300,1.25,0.25,5,True,33,16500,0.25,4,1,4,14.0,False
96,300,1.25,0.25,5,True,34,17000,0.25,4,1,4,14.0,False
96,300,1.25,0.25,5,True,35,17500,0.25,4,1,4,14.0,False
96,300,1.25,0.25,5,True,36,18000,0.25,4,1,4,14.0,False
96,300,1.25,0.25,5,True,37,18500,0.25,4,1,4,14.0,False
96,300,1.25,0.25,5,True,38,19000,0.25,4,1,4,14.0,False
96,300,1.25,0.25,5,True,39,19500,0.25,4,1,4,14.0,False
96,300,1.25,0.25,5,True,40,20000,0.25,4,1,4,14.0,False
96,300,1.25,0.25,5,True,41,20500,0.25,4,1,4,14.0,True
96,300,1.25,0.25,6,True,0,0,1.25,4,1,4,14.0,False
96,300,1.25,0.25,6,True,1,500,0.25,4,1,4,14.0,False
96,300,1.25,0.25,6,True,2,1000,0.25,4,1,4,14.0,False
96,300,1.25,0.25,6,True,3,1500,0.25,4,1,4,14.0,False
96,300,1.25,0.25,6,True,4,2000,0.25,4,1,4,14.0,False
96,300,1.25,0.25,6,True,5,2500,0.25,4,1,4,14.0,False
96,300,1.25,0.25,6,True,6,3000,0.25,4,1,4,14.0,False
96,300,1.25,0.25,6,True,7,3500,0.25,4,1,4,14.0,False
96,300,1.25,0.25,6,True,8,4000,0.25,4,1,4,14.0,False
96,300,1.25,0.25,6,True,9,4500,0.25,4,1,4,14.0,False
96,300,1.25,0.25,6,True,10,5000,0.25,4,1,4,14.0,False
96,300,1.25,0.25,6,True,11,5500,0.25,4,1,4,14.0,False
96,300,1.25,0.25,6,True,12,6000,0.25,4,1,4,14.0,False
96,300,1.25,0.25,6,True,13,6500,0.25,4,1,4,14.0,False
96,300,1.25,0.25,6,True,14,7000,0.25,4,1,4,14.0,False
96,300,1.25,0.25,6,True,15,7500,0.25,4,1,4,14.0,False
96,300,1.25,0.25,6,True,16,8000,0.25,4,1,4,14.0,False
96,300,1.25,0.25,6,True,17,8500,0.25,4,1,4,14.0,False
96,300,1.25,0.25,6,True,18,9000,0.25,4,1,4,14.0,False
96,300,1.25,0.25,6,True,19,9500,0.25,4,1,4,14.0,False
96,300,1.25,0.25,6,True,20,10000,0.25,4,1,4,14.0,False
96,300,1.25,0.25,6,True,21,10500,0.25,4,1,4,14.0,False
96,300,1.25,0.25,6,True,22,11000,0.25,4,1,4,14.0,False
96,300,1.25,0.25,6,True,23,11500,0.25,4,1,4,14.0,False
96,300,1.25,0.25,6,True,24,12000,0.25,4,1,4,14.0,False
96,300,1.25,0.25,6,True,25,12500,0.25,4,1,4,14.0,False
96,300,1.25,0.25,6,True,26,13000,0.25,4,1,4,14.0,False
96,300,1.25,0.25,6,True,27,13500,0.25,4,1,4,14.0,False
96,300,1.25,0.25,6,True,28,14000,0.25,4,1,4,14.0,False
96,300,1.25,0.25,6,True,29,14500,0.25,4,1,4,14.0,False
96,300,1.25,0.25,6,True,30,15000,0.25,4,1,4,14.0,False
96,300,1.25,0.25,6,True,31,15500,0.25,4,1,4,14.0,False
96,300,1.25,0.25,6,True,32,16000,0.25,4,1,4,14.0,False
96,300,1.25,0.25,6,True,33,16500,0.25,4,1,4,14.0,False
96,300,1.25,0.25,6,True,34,17000,0.25,4,1,4,14.0,False
96,300,1.25,0.25,6,True,35,17500,0.25,4,1,4,14.0,False
96,300,1.25,0.25,6,True,36,18000,0.25,4,1,4,14.0,False
96,300,1.25,0.25,6,True,37,18500,0.25,4,1,4,14.0,False
96,300,1.25,0.25,6,True,38,19000,0.25,4,1,4,14.0,False
96,300,1.25,0.25,6,True,39,19500,0.25,4,1,4,14.0,False
96,300,1.25,0.25,6,True,40,20000,0.25,4,1,4,14.0,False
96,300,1.25,0.25,6,True,41,20500,0.25,4,1,4,14.0,True
96,300,1.25,0.25,7,True,0,0,1.25,4,1,4,14.0,False
96,300,1.25,0.25,7,True,1,500,0.25,4,1,4,14.0,False
96,300,1.25,0.25,7,True,2,1000,0.25,4,1,4,14.0,False
96,300,1.25,0.25,7,True,3,1500,0.25,4,1,4,14.0,False
96,300,1.25,0.25,7,True,4,2000,0.25,4,1,4,14.0,False
96,300,1.25,0.25,7,True,5,2500,0.25,4,1,4,14.0,False
96,300,1.25,0.25,7,True,6,3000,0.25,4,1,4,14.0,False
96,300,1.25,0.25,7,True,7,3500,0.25,4,1,4,14.0,False
96,300,1.25,0.25,7,True,8,4000,0.25,4,1,4,14.0,False
96,300,1.25,0.25,7,True,9,4500,0.25,4,1,4,14.0,False
96,300,1.25,0.25,7,True,10,5000,0.25,4,1,4,14.0,False
96,300,1.25,0.25,7,True,11,5500,0.25,4,1,4,14.0,False
96,300,1.25,0.25,7,True,12,6000,0.25,4,1,4,14.0,False
96,300,1.25,0.25,7,True,13,6500,0.25,4,1,4,14.0,False
96,300,1.25,0.25,7,True,14,7000,0.25,4,1,4,14.0,False
96,300,1.25,0.25,7,True,15,7500,0.25,4,1,4,14.0,False
96,300,1.25,0.25,7,True,16,8000,0.25,4,1,4,14.0,False
96,300,1.25,0.25,7,True,17,8500,0.25,4,1,4,14.0,False
96,300,1.25,0.25,7,True,18,9000,0.25,4,1,4,14.0,False
96,300,1.25,0.25,7,True,19,9500,0.25,4,1,4,14.0,False
96,300,1.25,0.25,7,True,20,10000,0.25,4,1,4,14.0,False
96,300,1.25,0.25,7,True,21,10500,0.25,4,1,4,14.0,False
96,300,1.25,0.25,7,True,22,11000,0.25,4,1,4,14.0,False
96,300,1.25,0.25,7,True,23,11500,0.25,4,1,4,14.0,False
96,300,1.25,0.25,7,True,24,12000,0.25,4,1,4,14.0,False
96,300,1.25,0.25,7,True,25,12500,0.25,4,1,4,14.0,False
96,300,1.25,0.25,7,True,26,13000,0.25,4,1,4,14.0,False
96,300,1.25,0.25,7,True,27,13500,0.25,4,1,4,14.0,False
96,300,1.25,0.25,7,True,28,14000,0.25,4,1,4,14.0,False
96,300,1.25,0.25,7,True,29,14500,0.25,4,1,4,14.0,False
96,300,1.25,0.25,7,True,30,15000,0.25,4,1,4,14.0,False
96,300,1.25,0.25,7,True,31,15500,0.25,4,1,4,14.0,False
96,300,1.25,0.25,7,True,32,16000,0.25,4,1,4,14.0,False
96,300,1.25,0.25,7,True,33,16500,0.25,4,1,4,14.0,False
96,300,1.25,0.25,7,True,34,17000,0.25,4,1,4,14.0,False
96,300,1.25,0.25,7,True,35,17500,0.25,4,1,4,14.0,False
96,300,1.25,0.25,7,True,36,18000,0.25,4,1,4,14.0,False
96,300,1.25,0.25,7,True,37,18500,0.25,4,1,4,14.0,False
96,300,1.25,0.25,7,True,38,19000,0.25,4,1,4,14.0,False
96,300,1.25,0.25,7,True,39,19500,0.25,4,1,4,14.0,False
96,300,1.25,0.25,7,True,40,20000,0.25,4,1,4,14.0,False
96,300,1.25,0.25,7,True,41,20500,0.25,4,1,4,14.0,True
96,300,1.25,0.25,8,True,0,0,1.25,4,1,4,14.0,False
96,300,1.25,0.25,8,True,1,500,0.25,4,1,4,14.0,False
96,300,1.25,0.25,8,True,2,1000,0.25,4,1,4,14.0,False
96,300,1.25,0.25,8,True,3,1500,0.25,4,1,4,14.0,False
96,300,1.25,0.25,8,True,4,2000,0.25,4,1,4,14.0,False
96,300,1.25,0.25,8,True,5,2500,0.25,4,1,4,14.0,False
96,300,1.25,0.25,8,True,6,3000,0.25,4,1,4,14.0,False
96,300,1.25,0.25,8,True,7,3500,0.25,4,1,4,14.0,False
96,300,1.25,0.25,8,True,8,4000,0.25,4,1,4,14.0,False
96,300,1.25,0.25,8,True,9,4500,0.25,4,1,4,14.0,False
96,300,1.25,0.25,8,True,10,5000,0.25,4,1,4,14.0,False
96,300,1.25,0.25,8,True,11,5500,0.25,4,1,4,14.0,False
96,300,1.25,0.25,8,True,12,6000,0.25,4,1,4,14.0,False
96,300,1.25,0.25,8,True,13,6500,0.25,4,1,4,14.0,False
96,300,1.25,0.25,8,True,14,7000,0.25,4,1,4,14.0,False
96,300,1.25,0.25,8,True,15,7500,0.25,4,1,4,14.0,False
96,300,1.25,0.25,8,True,16,8000,0.25,4,1,4,14.0,False
96,300,1.25,0.25,8,True,17,8500,0.25,4,1,4,14.0,False
96,300,1.25,0.25,8,True,18,9000,0.25,4,1,4,14.0,False
96,300,1.25,0.25,8,True,19,9500,0.25,4,1,4,14.0,False
96,300,1.25,0.25,8,True,20,10000,0.25,4,1,4,14.0,False
96,300,1.25,0.25,8,True,21,10500,0.25,4,1,4,14.0,False
96,300,1.25,0.25,8,True,22,11000,0.25,4,1,4,14.0,False
96,300,1.25,0.25,8,True,23,11500,0.25,4,1,4,14.0,False
96,300,1.25,0.25,8,True,24,12000,0.25,4,1,4,14.0,False
96,300,1.25,0.25,8,True,25,12500,0.25,4,1,4,14.0,False
96,300,1.25,0.25,8,True,26,13000,0.25,4,1,4,14.0,False
96,300,1.25,0.25,8,True,27,13500,0.25,4,1,4,14.0,False
96,300,1.25,0.25,8,True,28,14000,0.25,4,1,4,14.0,False
96,300,1.25,0.25,8,True,29,14500,0.25,4,1,4,14.0,False
96,300,1.25,0.25,8,True,30,15000,0.25,4,1,4,14.0,False
96,300,1.25,0.25,8,True,31,15500,0.25,4,1,4,14.0,False
96,300,1.25,0.25,8,True,32,16000,0.25,4,1,4,14.0,False
96,300,1.25,0.25,8,True,33,16500,0.25,4,1,4,14.0,False
96,300,1.25,0.25,8,True,34,17000,0.25,4,1,4,14.0,False
96,300,1.25,0.25,8,True,35,17500,0.25,4,1,4,14.0,False
96,300,1.25,0.25,8,True,36,18000,0.25,4,1,4,14.0,False
96,300,1.25,0.25,8,True,37,18500,0.25,4,1,4,14.0,False
96,300,1.25,0.25,8,True,38,19000,0.25,4,1,4,14.0,False
96,300,1.25,0.25,8,True,39,19500,0.25,4,1,4,14.0,False
96,300,1.25,0.25,8,True,40,20000,0.25,4,1,4,14.0,False
96,300,1.25,0.25,8,True,41,20500,0.25,4,1,4,14.0,True
96,300,1.25,0.25,9,True,0,0,1.25,4,1,4,14.0,False
96,300,1.25,0.25,9,True,1,500,0.25,4,1,4,14.0,False
96,300,1.25,0.25,9,True,2,1000,0.25,4,1,4,14.0,False
96,300,1.25,0.25,9,True,3,1500,0.25,4,1,4,14.0,False
96,300,1.25,0.25,9,True,4,2000,0.25,4,1,4,14.0,False
96,300,1.25,0.25,9,True,5,2500,0.25,4,1,4,14.0,False
96,300,1.25,0.25,9,True,6,3000,0.25,4,1,4,14.0,False
96,300,1.25,0.25,9,True,7,3500,0.25,4,1,4,14.0,False
96,300,1.25,0.25,9,True,8,4000,0.25,4,1,4,14.0,False
96,300,1.25,0.25,9,True,9,4500,0.25,4,1,4,14.0,False
96,300,1.25,0.25,9,True,10,5000,0.25,4,1,4,14.0,False
96,300,1.25,0.25,9,True,11,5500,0.25,4,1,4,14.0,False
96,300,1.25,0.25,9,True,12,6000,0.25,4,1,4,14.0,False
96,300,1.25,0.25,9,True,13,6500,0.25,4,1,4,14.0,False
96,300,1.25,0.25,9,True,14,7000,0.25,4,1,4,14.0,False
96,300,1.25,0.25,9,True,15,7500,0.25,4,1,4,14.0,False
96,300,1.25,0.25,9,True,16,8000,0.25,4,1,4,14.0,False
96,300,1.25,0.25,9,True,17,8500,0.25,4,1,4,14.0,False
96,300,1.25,0.25,9,True,18,9000,0.25,4,1,4,14.0,False
96,300,1.25,0.25,9,True,19,9500,0.25,4,1,4,14.0,False
96,300,1.25,0.25,9,True,20,10000,0.25,4,1,4,14.0,False
96,300,1.25,0.25,9,True,21,10500,0.25,4,1,4,14.0,False
96,300,1.25,0.25,9,True,22,11000,0.25,4,1,4,14.0,False
96,300,1.25,0.25,9,True,23,11500,0.25,4,1,4,14.0,False
96,300,1.25,0.25,9,True,24,12000,0.25,4,1,4,14.0,False
96,300,1.25,0.25,9,True,25,12500,0.25,4,1,4,14.0,False
96,300,1.25,0.25,9,True,26,13000,0.25,4,1,4,14.0,False
96,300,1.25,0.25,9,True,27,13500,0.25,4,1,4,14.0,False
96,300,1.25,0.25,9,True,28,14000,0.25,4,1,4,14.0,False
96,300,1.25,0.25,9,True,29,14500,0.25,4,1,4,14.0,False
96,300,1.25,0.25,9,True,30,15000,0.25,4,1,4,14.0,False
96,300,1.25,0.25,9,True,31,15500,0.25,4,1,4,14.0,False
96,300,1.25,0.25,9,True,32,16000,0.25,4,1,4,14.0,False
96,300,1.25,0.25,9,True,33,16500,0.25,4,1,4,14.0,False
96,300,1.25,0.25,9,True,34,17000,0.25,4,1,4,14.0,False
96,300,1.25,0.25,9,True,35,17500,0.25,4,1,4,14.0,False
96,300,1.25,0.25,9,True,36,18000,0.25,4,1,4,14.0,False
96,300,1.25,0.25,9,True,37,18500,0.25,4,1,4,14.0,False
96,300,1.25,0.25,9,True,38,19000,0.25,4,1,4,14.0,False
96,300,1.25,0.25,9,True,39,19500,0.25,4,1,4,14.0,False
96,300,1.25,0.25,9,True,40,20000,0.25,4,1,4,14.0,False
96,300,1.25,0.25,9,True,41,20500,0.25,4,1,4,14.0,True
96,300,1.25,0.25,10,True,0,0,1.25,4,1,4,14.0,False
96,300,1.25,0.25,10,True,1,500,0.25,4,1,4,14.0,False
96,300,1.25,0.25,10,True,2,1000,0.25,4,1,4,14.0,False
96,300,1.25,0.25,10,True,3,1500,0.25,4,1,4,14.0,False
96,300,1.25,0.25,10,True,4,2000,0.25,4,1,4,14.0,False
96,300,1.25,0.25,10,True,5,2500,0.25,4,1,4,14.0,False
96,300,1.25,0.25,10,True,6,3000,0.25,4,1,4,14.0,False
96,300,1.25,0.25,10,True,7,3500,0.25,4,1,4,14.0,False
96,300,1.25,0.25,10,True,8,4000,0.25,4,1,4,14.0,False
96,300,1.25,0.25,10,True,9,4500,0.25,4,1,4,14.0,False
96,300,1.25,0.25,10,True,10,5000,0.25,4,1,4,14.0,False
96,300,1.25,0.25,10,True,11,5500,0.25,4,1,4,14.0,False
96,300,1.25,0.25,10,True,12,6000,0.25,4,1,4,14.0,False
96,300,1.25,0.25,10,True,13,6500,0.25,4,1,4,14.0,False
96,300,1.25,0.25,10,True,14,7000,0.25,4,1,4,14.0,False
96,300,1.25,0.25,10,True,15,7500,0.25,4,1,4,14.0,False
96,300,1.25,0.25,10,True,16,8000,0.25,4,1,4,14.0,False
96,300,1.25,0.25,10,True,17,8500,0.25,4,1,4,14.0,False
96,300,1.25,0.25,10,True,18,9000,0.25,4,1,4,14.0,False
96,300,1.25,0.25,10,True,19,9500,0.25,4,1,4,14.0,False
96,300,1.25,0.25,10,True,20,10000,0.25,4,1,4,14.0,False
96,300,1.25,0.25,10,True,21,10500,0.25,4,1,4,14.0,False
96,300,1.25,0.25,10,True,22,11000,0.25,4,1,4,14.0,False
96,300,1.25,0.25,10,True,23,11500,0.25,4,1,4,14.0,False
96,300,1.25,0.25,10,True,24,12000,0.25,4,1,4,14.0,False
96,300,1.25,0.25,10,True,25,12500,0.25,4,1,4,14.0,False
96,300,1.25,0.25,10,True,26,13000,0.25,4,1,4,14.0,False
96,300,1.25,0.25,10,True,27,13500,0.25,4,1,4,14.0,False
96,300,1.25,0.25,10,True,28,14000,0.25,4,1,4,14.0,False
96,300,1.25,0.25,10,True,29,14500,0.25,4,1,4,14.0,False
96,300,1.25,0.25,10,True,30,15000,0.25,4,1,4,14.0,False
96,300,1.25,0.25,10,True,31,15500,0.25,4,1,4,14.0,False
96,300,1.25,0.25,10,True,32,16000,0.25,4,1,4,14.0,False
96,300,1.25,0.25,10,True,33,16500,0.25,4,1,4,14.0,False
96,300,1.25,0.25,10,True,34,17000,0.25,4,1,4,14.0,False
96,300,1.25,0.25,10,True,35,17500,0.25,4,1,4,14.0,False
96,300,1.25,0.25,10,True,36,18000,0.25,4,1,4,14.0,False
96,300,1.25,0.25,10,True,37,18500,0.25,4,1,4,14.0,False
96,300,1.25,0.25,10,True,38,19000,0.25,4,1,4,14.0,False
96,300,1.25,0.25,10,True,39,19500,0.25,4,1,4,14.0,False
96,300,1.25,0.25,10,True,40,20000,0.25,4,1,4,14.0,False
96,300,1.25,0.25,10,True,41,20500,0.25,4,1,4,14.0,True
96,300,1.25,0.25,11,True,0,0,1.25,4,1,4,14.0,False
96,300,1.25,0.25,11,True,1,500,0.25,4,1,4,14.0,False
96,300,1.25,0.25,11,True,2,1000,0.25,4,1,4,14.0,False
96,300,1.25,0.25,11,True,3,1500,0.25,4,1,4,14.0,False
96,300,1.25,0.25,11,True,4,2000,0.25,4,1,4,14.0,False
96,300,1.25,0.25,11,True,5,2500,0.25,4,1,4,14.0,False
96,300,1.25,0.25,11,True,6,3000,0.25,4,1,4,14.0,False
96,300,1.25,0.25,11,True,7,3500,0.25,4,1,4,14.0,False
96,300,1.25,0.25,11,True,8,4000,0.25,4,1,4,14.0,False
96,300,1.25,0.25,11,True,9,4500,0.25,4,1,4,14.0,False
96,300,1.25,0.25,11,True,10,5000,0.25,4,1,4,14.0,False
96,300,1.25,0.25,11,True,11,5500,0.25,4,1,4,14.0,False
96,300,1.25,0.25,11,True,12,6000,0.25,4,1,4,14.0,False
96,300,1.25,0.25,11,True,13,6500,0.25,4,1,4,14.0,False
96,300,1.25,0.25,11,True,14,7000,0.25,4,1,4,14.0,False
96,300,1.25,0.25,11,True,15,7500,0.25,4,1,4,14.0,False
96,300,1.25,0.25,11,True,16,8000,0.25,4,1,4,14.0,False
96,300,1.25,0.25,11,True,17,8500,0.25,4,1,4,14.0,False
96,300,1.25,0.25,11,True,18,9000,0.25,4,1,4,14.0,False
96,300,1.25,0.25,11,True,19,9500,0.25,4,1,4,14.0,False
96,300,1.25,0.25,11,True,20,10000,0.25,4,1,4,14.0,False
96,300,1.25,0.25,11,True,21,10500,0.25,4,1,4,14.0,False
96,300,1.25,0.25,11,True,22,11000,0.25,4,1,4,14.0,False
96,300,1.25,0.25,11,True,23,11500,0.25,4,1,4,14.0,False
96,300,1.25,0.25,11,True,24,12000,0.25,4,1,4,14.0,False
96,300,1.25,0.25,11,True,25,12500,0.25,4,1,4,14.0,False
96,300,1.25,0.25,11,True,26,13000,0.25,4,1,4,14.0,False
96,300,1.25,0.25,11,True,27,13500,0.25,4,1,4,14.0,False
96,300,1.25,0.25,11,True,28,14000,0.25,4,1,4,14.0,False
96,300,1.25,0.25,11,True,29,14500,0.25,4,1,4,14.0,False
96,300,1.25,0.25,11,True,30,15000,0.25,4,1,4,14.0,False
96,300,1.25,0.25,11,True,31,15500,0.25,4,1,4,14.0,False
96,300,1.25,0.25,11,True,32,16000,0.25,4,1,4,14.0,False
96,300,1.25,0.25,11,True,33,16500,0.25,4,1,4,14.0,False
96,300,1.25,0.25,11,True,34,17000,0.25,4,1,4,14.0,False
96,300,1.25,0.25,11,True,35,17500,0.25,4,1,4,14.0,False
96,300,1.25,0.25,11,True,36,18000,0.25,4,1,4,14.0,False
96,300,1.25,0.25,11,True,37,18500,0.25,4,1,4,14.0,False
96,300,1.25,0.25,11,True,38,19000,0.25,4,1,4,14.0,False
96,300,1.25,0.25,11,True,39,19500,0.25,4,1,4,14.0,False
96,300,1.25,0.25,11,True,40,20000,0.25,4,1,4,14.0,False
96,300,1.25,0.25,11,True,41,20500,0.25,4,1,4,14.0,True
96,300,1.25,0.25,12,True,0,0,1.25,4,1,4,14.0,False
96,300,1.25,0.25,12,True,1,500,0.25,4,1,4,14.0,False
96,300,1.25,0.25,12,True,2,1000,0.25,4,1,4,14.0,False
96,300,1.25,0.25,12,True,3,1500,0.25,4,1,4,14.0,False
96,300,1.25,0.25,12,True,4,2000,0.25,4,1,4,14.0,False
96,300,1.25,0.25,12,True,5,2500,0.25,4,1,4,14.0,False
96,300,1.25,0.25,12,True,6,3000,0.25,4,1,4,14.0,False
96,300,1.25,0.25,12,True,7,3500,0.25,4,1,4,14.0,False
96,300,1.25,0.25,12,True,8,4000,0.25,4,1,4,14.0,False
96,300,1.25,0.25,12,True,9,4500,0.25,4,1,4,14.0,False
96,300,1.25,0.25,12,True,10,5000,0.25,4,1,4,14.0,False
96,300,1.25,0.25,12,True,11,5500,0.25,4,1,4,14.0,False
96,300,1.25,0.25,12,True,12,6000,0.25,4,1,4,14.0,False
96,300,1.25,0.25,12,True,13,6500,0.25,4,1,4,14.0,False
96,300,1.25,0.25,12,True,14,7000,0.25,4,1,4,14.0,False
96,300,1.25,0.25,12,True,15,7500,0.25,4,1,4,14.0,False
96,300,1.25,0.25,12,True,16,8000,0.25,4,1,4,14.0,False
96,300,1.25,0.25,12,True,17,8500,0.25,4,1,4,14.0,False
96,300,1.25,0.25,12,True,18,9000,0.25,4,1,4,14.0,False
96,300,1.25,0.25,12,True,19,9500,0.25,4,1,4,14.0,False
96,300,1.25,0.25,12,True,20,10000,0.25,4,1,4,14.0,False
96,300,1.25,0.25,12,True,21,10500,0.25,4,1,4,14.0,False
96,300,1.25,0.25,12,True,22,11000,0.25,4,1,4,14.0,False
96,300,1.25,0.25,12,True,23,11500,0.25,4,1,4,14.0,False
96,300,1.25,0.25,12,True,24,12000,0.25,4,1,4,14.0,False
96,300,1.25,0.25,12,True,25,12500,0.25,4,1,4,14.0,False
96,300,1.25,0.25,12,True,26,13000,0.25,4,1,4,14.0,False
96,300,1.25,0.25,12,True,27,13500,0.25,4,1,4,14.0,False
96,300,1.25,0.25,12,True,28,14000,0.25,4,1,4,14.0,False
96,300,1.25,0.25,12,True,29,14500,0.25,4,1,4,14.0,False
96,300,1.25,0.25,12,True,30,15000,0.25,4,1,4,14.0,False
96,300,1.25,0.25,12,True,31,15500,0.25,4,1,4,14.0,False
96,300,1.25,0.25,12,True,32,16000,0.25,4,1,4,14.0,False
96,300,1.25,0.25,12,True,33,16500,0.25,4,1,4,14.0,False
96,300,1.25,0.25,12,True,34,17000,0.25,4,1,4,14.0,False
96,300,1.25,0.25,12,True,35,17500,0.25,4,1,4,14.0,False
96,300,1.25,0.25,12,True,36,18000,0.25,4,1,4,14.0,False
96,300,1.25,0.25,12,True,37,18500,0.25,4,1,4,14.0,False
96,300,1.25,0.25,12,True,38,19000,0.25,4,1,4,14.0,False
96,300,1.25,0.25,12,True,39,19500,0.25,4,1,4,14.0,False
96,300,1.25,0.25,12,True,40,20000,0.25,4,1,4,14.0,False
96,300,1.25,0.25,12,True,41,20500,0.25,4,1,4,14.0,True
96,300,1.25,0.25,13,True,0,0,1.25,4,1,4,14.0,False
96,300,1.25,0.25,13,True,1,500,0.25,4,1,4,14.0,False
96,300,1.25,0.25,13,True,2,1000,0.25,4,1,4,14.0,False
96,300,1.25,0.25,13,True,3,1500,0.25,4,1,4,14.0,False
96,300,1.25,0.25,13,True,4,2000,0.25,4,1,4,14.0,False
96,300,1.25,0.25,13,True,5,2500,0.25,4,1,4,14.0,False
96,300,1.25,0.25,13,True,6,3000,0.25,4,1,4,14.0,False
96,300,1.25,0.25,13,True,7,3500,0.25,4,1,4,14.0,False
96,300,1.25,0.25,13,True,8,4000,0.25,4,1,4,14.0,False
96,300,1.25,0.25,13,True,9,4500,0.25,4,1,4,14.0,False
96,300,1.25,0.25,13,True,10,5000,0.25,4,1,4,14.0,False
96,300,1.25,0.25,13,True,11,5500,0.25,4,1,4,14.0,False
96,300,1.25,0.25,13,True,12,6000,0.25,4,1,4,14.0,False
96,300,1.25,0.25,13,True,13,6500,0.25,4,1,4,14.0,False
96,300,1.25,0.25,13,True,14,7000,0.25,4,1,4,14.0,False
96,300,1.25,0.25,13,True,15,7500,0.25,4,1,4,14.0,False
96,300,1.25,0.25,13,True,16,8000,0.25,4,1,4,14.0,False
96,300,1.25,0.25,13,True,17,8500,0.25,4,1,4,14.0,False
96,300,1.25,0.25,13,True,18,9000,0.25,4,1,4,14.0,False
96,300,1.25,0.25,13,True,19,9500,0.25,4,1,4,14.0,False
96,300,1.25,0.25,13,True,20,10000,0.25,4,1,4,14.0,False
96,300,1.25,0.25,13,True,21,10500,0.25,4,1,4,14.0,False
96,300,1.25,0.25,13,True,22,11000,0.25,4,1,4,14.0,False
96,300,1.25,0.25,13,True,23,11500,0.25,4,1,4,14.0,False
96,300,1.25,0.25,13,True,24,12000,0.25,4,1,4,14.0,False
96,300,1.25,0.25,13,True,25,12500,0.25,4,1,4,14.0,False
96,300,1.25,0.25,13,True,26,13000,0.25,4,1,4,14.0,False
96,300,1.25,0.25,13,True,27,13500,0.25,4,1,4,14.0,False
96,300,1.25,0.25,13,True,28,14000,0.25,4,1,4,14.0,False
96,300,1.25,0.25,13,True,29,14500,0.25,4,1,4,14.0,False
96,300,1.25,0.25,13,True,30,15000,0.25,4,1,4,14.0,False
96,300,1.25,0.25,13,True,31,15500,0.25,4,1,4,14.0,False
96,300,1.25,0.25,13,True,32,16000,0.25,4,1,4,14.0,False
96,300,1.25,0.25,13,True,33,16500,0.25,4,1,4,14.0,False
96,300,1.25,0.25,13,True,34,17000,0.25,4,1,4,14.0,False
96,300,1.25,0.25,13,True,35,17500,0.25,4,1,4,14.0,False
96,300,1.25,0.25,13,True,36,18000,0.25,4,1,4,14.0,False
96,300,1.25,0.25,13,True,37,18500,0.25,4,1,4,14.0,False
96,300,1.25,0.25,13,True,38,19000,0.25,4,1,4,14.0,False
96,300,1.25,0.25,13,True,39,19500,0.25,4,1,4,14.0,False
96,300,1.25,0.25,13,True,40,20000,0.25,4,1,4,14.0,False
96,300,1.25,0.25,13,True,41,20500,0.25,4,1,4,14.0,True
96,300,1.25,0.25,14,True,0,0,1.25,4,1,4,14.0,False
96,300,1.25,0.25,14,True,1,500,0.25,4,1,4,14.0,False
96,300,1.25,0.25,14,True,2,1000,0.25,4,1,4,14.0,False
96,300,1.25,0.25,14,True,3,1500,0.25,4,1,4,14.0,False
96,300,1.25,0.25,14,True,4,2000,0.25,4,1,4,14.0,False
96,300,1.25,0.25,14,True,5,2500,0.25,4,1,4,14.0,False
96,300,1.25,0.25,14,True,6,3000,0.25,4,1,4,14.0,False
96,300,1.25,0.25,14,True,7,3500,0.25,4,1,4,14.0,False
96,300,1.25,0.25,14,True,8,4000,0.25,4,1,4,14.0,False
96,300,1.25,0.25,14,True,9,4500,0.25,4,1,4,14.0,False
96,300,1.25,0.25,14,True,10,5000,0.25,4,1,4,14.0,False
96,300,1.25,0.25,14,True,11,5500,0.25,4,1,4,14.0,False
96,300,1.25,0.25,14,True,12,6000,0.25,4,1,4,14.0,False
96,300,1.25,0.25,14,True,13,6500,0.25,4,1,4,14.0,False
96,300,1.25,0.25,14,True,14,7000,0.25,4,1,4,14.0,False
96,300,1.25,0.25,14,True,15,7500,0.25,4,1,4,14.0,False
96,300,1.25,0.25,14,True,16,8000,0.25,4,1,4,14.0,False
96,300,1.25,0.25,14,True,17,8500,0.25,4,1,4,14.0,False
96,300,1.25,0.25,14,True,18,9000,0.25,4,1,4,14.0,False
96,300,1.25,0.25,14,True,19,9500,0.25,4,1,4,14.0,False
96,300,1.25,0.25,14,True,20,10000,0.25,4,1,4,14.0,False
96,300,1.25,0.25,14,True,21,10500,0.25,4,1,4,14.0,False
96,300,1.25,0.25,14,True,22,11000,0.25,4,1,4,14.0,False
96,300,1.25,0.25,14,True,23,11500,0.25,4,1,4,14.0,False
96,300,1.25,0.25,14,True,24,12000,0.25,4,1,4,14.0,False
96,300,1.25,0.25,14,True,25,12500,0.25,4,1,4,14.0,False
96,300,1.25,0.25,14,True,26,13000,0.25,4,1,4,14.0,False
96,300,1.25,0.25,14,True,27,13500,0.25,4,1,4,14.0,False
96,300,1.25,0.25,14,True,28,14000,0.25,4,1,4,14.0,False
96,300,1.25,0.25,14,True,29,14500,0.25,4,1,4,14.0,False
96,300,1.25,0.25,14,True,30,15000,0.25,4,1,4,14.0,False
96,300,1.25,0.25,14,True,31,15500,0.25,4,1,4,14.0,False
96,300,1.25,0.25,14,True,32,16000,0.25,4,1,4,14.0,False
96,300,1.25,0.25,14,True,33,16500,0.25,4,1,4,14.0,False
96,300,1.25,0.25,14,True,34,17000,0.25,4,1,4,14.0,False
96,300,1.25,0.25,14,True,35,17500,0.25,4,1,4,14.0,False
96,300,1.25,0.25,14,True,36,18000,0.25,4,1,4,14.0,False
96,300,1.25,0.25,14,True,37,18500,0.25,4,1,4,14.0,False
96,300,1.25,0.25,14,True,38,19000,0.25,4,1,4,14.0,False
96,300,1.25,0.25,14,True,39,19500,0.25,4,1,4,14.0,False
96,300,1.25,0.25,14,True,40,20000,0.25,4,1,4,14.0,False
96,300,1.25,0.25,14,True,41,20500,0.25,4,1,4,14.0,True
96,300,1.25,0.25,15,True,0,0,1.25,4,1,4,14.0,False
96,300,1.25,0.25,15,True,1,500,0.25,4,1,4,14.0,False
96,300,1.25,0.25,15,True,2,1000,0.25,4,1,4,14.0,False
96,300,1.25,0.25,15,True,3,1500,0.25,4,1,4,14.0,False
96,300,1.25,0.25,15,True,4,2000,0.25,4,1,4,14.0,False
96,300,1.25,0.25,15,True,5,2500,0.25,4,1,4,14.0,False
96,300,1.25,0.25,15,True,6,3000,0.25,4,1,4,14.0,False
96,300,1.25,0.25,15,True,7,3500,0.25,4,1,4,14.0,False
96,300,1.25,0.25,15,True,8,4000,0.25,4,1,4,14.0,False
96,300,1.25,0.25,15,True,9,4500,0.25,4,1,4,14.0,False
96,300,1.25,0.25,15,True,10,5000,0.25,4,1,4,14.0,False
96,300,1.25,0.25,15,True,11,5500,0.25,4,1,4,14.0,False
96,300,1.25,0.25,15,True,12,6000,0.25,4,1,4,14.0,False
96,300,1.25,0.25,15,True,13,6500,0.25,4,1,4,14.0,False
96,300,1.25,0.25,15,True,14,7000,0.25,4,1,4,14.0,False
96,300,1.25,0.25,15,True,15,7500,0.25,4,1,4,14.0,False
96,300,1.25,0.25,15,True,16,8000,0.25,4,1,4,14.0,False
96,300,1.25,0.25,15,True,17,8500,0.25,4,1,4,14.0,False
96,300,1.25,0.25,15,True,18,9000,0.25,4,1,4,14.0,False
96,300,1.25,0.25,15,True,19,9500,0.25,4,1,4,14.0,False
96,300,1.25,0.25,15,True,20,10000,0.25,4,1,4,14.0,False
96,300,1.25,0.25,15,True,21,10500,0.25,4,1,4,14.0,False
96,300,1.25,0.25,15,True,22,11000,0.25,4,1,4,14.0,False
96,300,1.25,0.25,15,True,23,11500,0.25,4,1,4,14.0,False
96,300,1.25,0.25,15,True,24,12000,0.25,4,1,4,14.0,False
96,300,1.25,0.25,15,True,25,12500,0.25,4,1,4,14.0,False
96,300,1.25,0.25,15,True,26,13000,0.25,4,1,4,14.0,False
96,300,1.25,0.25,15,True,27,13500,0.25,4,1,4,14.0,False
96,300,1.25,0.25,15,True,28,14000,0.25,4,1,4,14.0,False
96,300,1.25,0.25,15,True,29,14500,0.25,4,1,4,14.0,False
96,300,1.25,0.25,15,True,30,15000,0.25,4,1,4,14.0,False
96,300,1.25,0.25,15,True,31,15500,0.25,4,1,4,14.0,False
96,300,1.25,0.25,15,True,32,16000,0.25,4,1,4,14.0,False
96,300,1.25,0.25,15,True,33,16500,0.25,4,1,4,14.0,False
96,300,1.25,0.25,15,True,34,17000,0.25,4,1,4,14.0,False
96,300,1.25,0.25,15,True,35,17500,0.25,4,1,4,14.0,False
96,300,1.25,0.25,15,True,36,18000,0.25,4,1,4,14.0,False
96,300,1.25,0.25,15,True,37,18500,0.25,4,1,4,14.0,False
96,300,1.25,0.25,15,True,38,19000,0.25,4,1,4,14.0,False
96,300,1.25,0.25,15,True,39,19500,0.25,4,1,4,14.0,False
96,300,1.25,0.25,15,True,40,20000,0.25,4,1,4,14.0,False
96,300,1.25,0.25,15,True,41,20500,0.25,4,1,4,14.0,True
96,300,1.25,0.25,16,True,0,0,1.25,4,1,4,14.0,False
96,300,1.25,0.25,16,True,1,500,0.25,4,1,4,14.0,False
96,300,1.25,0.25,16,True,2,1000,0.25,4,1,4,14.0,False
96,300,1.25,0.25,16,True,3,1500,0.25,4,1,4,14.0,False
96,300,1.25,0.25,16,True,4,2000,0.25,4,1,4,14.0,False
96,300,1.25,0.25,16,True,5,2500,0.25,4,1,4,14.0,False
96,300,1.25,0.25,16,True,6,3000,0.25,4,1,4,14.0,False
96,300,1.25,0.25,16,True,7,3500,0.25,4,1,4,14.0,False
96,300,1.25,0.25,16,True,8,4000,0.25,4,1,4,14.0,False
96,300,1.25,0.25,16,True,9,4500,0.25,4,1,4,14.0,False
96,300,1.25,0.25,16,True,10,5000,0.25,4,1,4,14.0,False
96,300,1.25,0.25,16,True,11,5500,0.25,4,1,4,14.0,False
96,300,1.25,0.25,16,True,12,6000,0.25,4,1,4,14.0,False
96,300,1.25,0.25,16,True,13,6500,0.25,4,1,4,14.0,False
96,300,1.25,0.25,16,True,14,7000,0.25,4,1,4,14.0,False
96,300,1.25,0.25,16,True,15,7500,0.25,4,1,4,14.0,False
96,300,1.25,0.25,16,True,16,8000,0.25,4,1,4,14.0,False
96,300,1.25,0.25,16,True,17,8500,0.25,4,1,4,14.0,False
96,300,1.25,0.25,16,True,18,9000,0.25,4,1,4,14.0,False
96,300,1.25,0.25,16,True,19,9500,0.25,4,1,4,14.0,False
96,300,1.25,0.25,16,True,20,10000,0.25,4,1,4,14.0,False
96,300,1.25,0.25,16,True,21,10500,0.25,4,1,4,14.0,False
96,300,1.25,0.25,16,True,22,11000,0.25,4,1,4,14.0,False
96,300,1.25,0.25,16,True,23,11500,0.25,4,1,4,14.0,False
96,300,1.25,0.25,16,True,24,12000,0.25,4,1,4,14.0,False
96,300,1.25,0.25,16,True,25,12500,0.25,4,1,4,14.0,False
96,300,1.25,0.25,16,True,26,13000,0.25,4,1,4,14.0,False
96,300,1.25,0.25,16,True,27,13500,0.25,4,1,4,14.0,False
96,300,1.25,0.25,16,True,28,14000,0.25,4,1,4,14.0,False
96,300,1.25,0.25,16,True,29,14500,0.25,4,1,4,14.0,False
96,300,1.25,0.25,16,True,30,15000,0.25,4,1,4,14.0,False
96,300,1.25,0.25,16,True,31,15500,0.25,4,1,4,14.0,False
96,300,1.25,0.25,16,True,32,16000,0.25,4,1,4,14.0,False
96,300,1.25,0.25,16,True,33,16500,0.25,4,1,4,14.0,False
96,300,1.25,0.25,16,True,34,17000,0.25,4,1,4,14.0,False
96,300,1.25,0.25,16,True,35,17500,0.25,4,1,4,14.0,False
96,300,1.25,0.25,16,True,36,18000,0.25,4,1,4,14.0,False
96,300,1.25,0.25,16,True,37,18500,0.25,4,1,4,14.0,False
96,300,1.25,0.25,16,True,38,19000,0.25,4,1,4,14.0,False
96,300,1.25,0.25,16,True,39,19500,0.25,4,1,4,14.0,False
96,300,1.25,0.25,16,True,40,20000,0.25,4,1,4,14.0,False
96,300,1.25,0.25,16,True,41,20500,0.25,4,1,4,14.0,True
96,300,1.25,0.25,17,True,0,0,1.25,4,1,4,14.0,False
96,300,1.25,0.25,17,True,1,500,0.25,4,1,4,14.0,False
96,300,1.25,0.25,17,True,2,1000,0.25,4,1,4,14.0,False
96,300,1.25,0.25,17,True,3,1500,0.25,4,1,4,14.0,False
96,300,1.25,0.25,17,True,4,2000,0.25,4,1,4,14.0,False
96,300,1.25,0.25,17,True,5,2500,0.25,4,1,4,14.0,False
96,300,1.25,0.25,17,True,6,3000,0.25,4,1,4,14.0,False
96,300,1.25,0.25,17,True,7,3500,0.25,4,1,4,14.0,False
96,300,1.25,0.25,17,True,8,4000,0.25,4,1,4,14.0,False
96,300,1.25,0.25,17,True,9,4500,0.25,4,1,4,14.0,False
96,300,1.25,0.25,17,True,10,5000,0.25,4,1,4,14.0,False
96,300,1.25,0.25,17,True,11,5500,0.25,4,1,4,14.0,False
96,300,1.25,0.25,17,True,12,6000,0.25,4,1,4,14.0,False
96,300,1.25,0.25,17,True,13,6500,0.25,4,1,4,14.0,False
96,300,1.25,0.25,17,True,14,7000,0.25,4,1,4,14.0,False
96,300,1.25,0.25,17,True,15,7500,0.25,4,1,4,14.0,False
96,300,1.25,0.25,17,True,16,8000,0.25,4,1,4,14.0,False
96,300,1.25,0.25,17,True,17,8500,0.25,4,1,4,14.0,False
96,300,1.25,0.25,17,True,18,9000,0.25,4,1,4,14.0,False
96,300,1.25,0.25,17,True,19,9500,0.25,4,1,4,14.0,False
96,300,1.25,0.25,17,True,20,10000,0.25,4,1,4,14.0,False
96,300,1.25,0.25,17,True,21,10500,0.25,4,1,4,14.0,False
96,300,1.25,0.25,17,True,22,11000,0.25,4,1,4,14.0,False
96,300,1.25,0.25,17,True,23,11500,0.25,4,1,4,14.0,False
96,300,1.25,0.25,17,True,24,12000,0.25,4,1,4,14.0,False
96,300,1.25,0.25,17,True,25,12500,0.25,4,1,4,14.0,False
96,300,1.25,0.25,17,True,26,13000,0.25,4,1,4,14.0,False
96,300,1.25,0.25,17,True,27,13500,0.25,4,1,4,14.0,False
96,300,1.25,0.25,17,True,28,14000,0.25,4,1,4,14.0,False
96,300,1.25,0.25,17,True,29,14500,0.25,4,1,4,14.0,False
96,300,1.25,0.25,17,True,30,15000,0.25,4,1,4,14.0,False
96,300,1.25,0.25,17,True,31,15500,0.25,4,1,4,14.0,False
96,300,1.25,0.25,17,True,32,16000,0.25,4,1,4,14.0,False
96,300,1.25,0.25,17,True,33,16500,0.25,4,1,4,14.0,False
96,300,1.25,0.25,17,True,34,17000,0.25,4,1,4,14.0,False
96,300,1.25,0.25,17,True,35,17500,0.25,4,1,4,14.0,False
96,300,1.25,0.25,17,True,36,18000,0.25,4,1,4,14.0,False
96,300,1.25,0.25,17,True,37,18500,0.25,4,1,4,14.0,False
96,300,1.25,0.25,17,True,38,19000,0.25,4,1,4,14.0,False
96,300,1.25,0.25,17,True,39,19500,0.25,4,1,4,14.0,False
96,300,1.25,0.25,17,True,40,20000,0.25,4,1,4,14.0,False
96,300,1.25,0.25,17,True,41,20500,0.25,4,1,4,14.0,True
96,300,1.25,0.25,18,True,0,0,1.25,4,1,4,14.0,False
96,300,1.25,0.25,18,True,1,500,0.25,4,1,4,14.0,False
96,300,1.25,0.25,18,True,2,1000,0.25,4,1,4,14.0,False
96,300,1.25,0.25,18,True,3,1500,0.25,4,1,4,14.0,False
96,300,1.25,0.25,18,True,4,2000,0.25,4,1,4,14.0,False
96,300,1.25,0.25,18,True,5,2500,0.25,4,1,4,14.0,False
96,300,1.25,0.25,18,True,6,3000,0.25,4,1,4,14.0,False
96,300,1.25,0.25,18,True,7,3500,0.25,4,1,4,14.0,False
96,300,1.25,0.25,18,True,8,4000,0.25,4,1,4,14.0,False
96,300,1.25,0.25,18,True,9,4500,0.25,4,1,4,14.0,False
96,300,1.25,0.25,18,True,10,5000,0.25,4,1,4,14.0,False
96,300,1.25,0.25,18,True,11,5500,0.25,4,1,4,14.0,False
96,300,1.25,0.25,18,True,12,6000,0.25,4,1,4,14.0,False
96,300,1.25,0.25,18,True,13,6500,0.25,4,1,4,14.0,False
96,300,1.25,0.25,18,True,14,7000,0.25,4,1,4,14.0,False
96,300,1.25,0.25,18,True,15,7500,0.25,4,1,4,14.0,False
96,300,1.25,0.25,18,True,16,8000,0.25,4,1,4,14.0,False
96,300,1.25,0.25,18,True,17,8500,0.25,4,1,4,14.0,False
96,300,1.25,0.25,18,True,18,9000,0.25,4,1,4,14.0,False
96,300,1.25,0.25,18,True,19,9500,0.25,4,1,4,14.0,False
96,300,1.25,0.25,18,True,20,10000,0.25,4,1,4,14.0,False
96,300,1.25,0.25,18,True,21,10500,0.25,4,1,4,14.0,False
96,300,1.25,0.25,18,True,22,11000,0.25,4,1,4,14.0,False
96,300,1.25,0.25,18,True,23,11500,0.25,4,1,4,14.0,False
96,300,1.25,0.25,18,True,24,12000,0.25,4,1,4,14.0,False
96,300,1.25,0.25,18,True,25,12500,0.25,4,1,4,14.0,False
96,300,1.25,0.25,18,True,26,13000,0.25,4,1,4,14.0,False
96,300,1.25,0.25,18,True,27,13500,0.25,4,1,4,14.0,False
96,300,1.25,0.25,18,True,28,14000,0.25,4,1,4,14.0,False
96,300,1.25,0.25,18,True,29,14500,0.25,4,1,4,14.0,False
96,300,1.25,0.25,18,True,30,15000,0.25,4,1,4,14.0,False
96,300,1.25,0.25,18,True,31,15500,0.25,4,1,4,14.0,False
96,300,1.25,0.25,18,True,32,16000,0.25,4,1,4,14.0,False
96,300,1.25,0.25,18,True,33,16500,0.25,4,1,4,14.0,False
96,300,1.25,0.25,18,True,34,17000,0.25,4,1,4,14.0,False
96,300,1.25,0.25,18,True,35,17500,0.25,4,1,4,14.0,False
96,300,1.25,0.25,18,True,36,18000,0.25,4,1,4,14.0,False
96,300,1.25,0.25,18,True,37,18500,0.25,4,1,4,14.0,False
96,300,1.25,0.25,18,True,38,19000,0.25,4,1,4,14.0,False
96,300,1.25,0.25,18,True,39,19500,0.25,4,1,4,14.0,False
96,300,1.25,0.25,18,True,40,20000,0.25,4,1,4,14.0,False
96,300,1.25,0.25,18,True,41,20500,0.25,4,1,4,14.0,True
96,300,1.25,0.25,19,True,0,0,1.25,4,1,4,14.0,False
96,300,1.25,0.25,19,True,1,500,0.25,4,1,4,14.0,False
96,300,1.25,0.25,19,True,2,1000,0.25,4,1,4,14.0,False
96,300,1.25,0.25,19,True,3,1500,0.25,4,1,4,14.0,False
96,300,1.25,0.25,19,True,4,2000,0.25,4,1,4,14.0,False
96,300,1.25,0.25,19,True,5,2500,0.25,4,1,4,14.0,False
96,300,1.25,0.25,19,True,6,3000,0.25,4,1,4,14.0,False
96,300,1.25,0.25,19,True,7,3500,0.25,4,1,4,14.0,False
96,300,1.25,0.25,19,True,8,4000,0.25,4,1,4,14.0,False
96,300,1.25,0.25,19,True,9,4500,0.25,4,1,4,14.0,False
96,300,1.25,0.25,19,True,10,5000,0.25,4,1,4,14.0,False
96,300,1.25,0.25,19,True,11,5500,0.25,4,1,4,14.0,False
96,300,1.25,0.25,19,True,12,6000,0.25,4,1,4,14.0,False
96,300,1.25,0.25,19,True,13,6500,0.25,4,1,4,14.0,False
96,300,1.25,0.25,19,True,14,7000,0.25,4,1,4,14.0,False
96,300,1.25,0.25,19,True,15,7500,0.25,4,1,4,14.0,False
96,300,1.25,0.25,19,True,16,8000,0.25,4,1,4,14.0,False
96,300,1.25,0.25,19,True,17,8500,0.25,4,1,4,14.0,False
96,300,1.25,0.25,19,True,18,9000,0.25,4,1,4,14.0,False
96,300,1.25,0.25,19,True,19,9500,0.25,4,1,4,14.0,False
96,300,1.25,0.25,19,True,20,10000,0.25,4,1,4,14.0,False
96,300,1.25,0.25,19,True,21,10500,0.25,4,1,4,14.0,False
96,300,1.25,0.25,19,True,22,11000,0.25,4,1,4,14.0,False
96,300,1.25,0.25,19,True,23,11500,0.25,4,1,4,14.0,False
96,300,1.25,0.25,19,True,24,12000,0.25,4,1,4,14.0,False
96,300,1.25,0.25,19,True,25,12500,0.25,4,1,4,14.0,False
96,300,1.25,0.25,19,True,26,13000,0.25,4,1,4,14.0,False
96,300,1.25,0.25,19,True,27,13500,0.25,4,1,4,14.0,False
96,300,1.25,0.25,19,True,28,14000,0.25,4,1,4,14.0,False
96,300,1.25,0.25,19,True,29,14500,0.25,4,1,4,14.0,False
96,300,1.25,0.25,19,True,30,15000,0.25,4,1,4,14.0,False
96,300,1.25,0.25,19,True,31,15500,0.25,4,1,4,14.0,False
96,300,1.25,0.25,19,True,32,16000,0.25,4,1,4,14.0,False
96,300,1.25,0.25,19,True,33,16500,0.25,4,1,4,14.0,False
96,300,1.25,0.25,19,True,34,17000,0.25,4,1,4,14.0,False
96,300,1.25,0.25,19,True,35,17500,0.25,4,1,4,14.0,False
96,300,1.25,0.25,19,True,36,18000,0.25,4,1,4,14.0,False
96,300,1.25,0.25,19,True,37,18500,0.25,4,1,4,14.0,False
96,300,1.25,0.25,19,True,38,19000,0.25,4,1,4,14.0,False
96,300,1.25,0.25,19,True,39,19500,0.25,4,1,4,14.0,False
96,300,1.25,0.25,19,True,40,20000,0.25,4,1,4,14.0,False
96,300,1.25,0.25,19,True,41,20500,0.25,4,1,4,14.0,True
